zone,name,cc,pop,err_min,dist_km,disc,null_mismatch
Asia/Dubai,Dubai,AE,3790000,0,0.0,0,0
Asia/Dubai,Abu Dhabi,AE,1807000,6,115.5,0,0
Asia/Dubai,Sharjah,AE,1800000,1,30.4,0,0
Asia/Dubai,Al Ain City,AE,846747,5,108.5,0,0
Asia/Dubai,Ajman,AE,490035,2,39.9,0,0
Asia/Dubai,Dayrah,AE,400000,1,21.6,0,0
Asia/Dubai,Ras Al Khaimah,AE,351943,5,101.6,0,0
Asia/Dubai,Musaffah,AE,243341,6,115.5,0,0
Asia/Dubai,Jebel Ali,AE,210000,1,21.9,0,0
Asia/Dubai,Business Bay,AE,191000,1,12.7,0,0
Asia/Dubai,Dubai Investments Park,AE,160000,1,17.2,0,0
Asia/Dubai,International City,AE,120000,1,14.0,0,0
Asia/Dubai,Dubai Marina,AE,120000,1,16.4,0,0
Asia/Dubai,Fujairah,AE,118933,5,104.0,0,0
Asia/Dubai,Al Majaz,AE,116503,1,28.5,0,0
Asia/Dubai,Warīsān,AE,108759,1,14.1,0,0
Asia/Dubai,Dubai Silicon Oasis,AE,90000,1,9.2,0,0
Asia/Dubai,Ar Rumaylah,AE,86000,2,38.4,0,0
Asia/Dubai,Khalifah A City,AE,85374,5,101.5,0,0
Asia/Dubai,Mohammed Bin Zayed City,AE,85000,5,111.4,0,0
Asia/Dubai,Hawr al ‘Anz,AE,84661,1,22.4,0,0
Asia/Dubai,Reef Al Fujairah City,AE,82310,4,94.8,0,0
Asia/Dubai,Bani Yas City,AE,80498,5,109.5,0,0
Asia/Dubai,Dubai Festival City,AE,77000,1,16.8,0,0
Asia/Dubai,Al Karama,AE,75560,1,18.1,0,0
Asia/Dubai,Zayed City,AE,63482,11,226.8,0,0
Asia/Dubai,Al Shamkhah City,AE,61710,5,97.4,0,0
Asia/Dubai,Mirdif,AE,60288,1,19.5,0,0
Asia/Dubai,Al Warqaa,AE,59111,1,17.0,0,0
Asia/Dubai,Umm Al Quwain City,AE,59098,3,59.6,0,0
Asia/Dubai,Al Sajaah,AE,53079,2,41.9,0,0
Asia/Dubai,Lahbab,AE,53079,2,28.8,0,0
Asia/Dubai,Nāyf,AE,53075,1,21.6,0,0
Asia/Dubai,Ţarīf Kalbā,AE,51000,5,102.9,0,0
Asia/Dubai,Al Muteena,AE,48739,1,21.9,0,0
Asia/Dubai,Al Qusais 1,AE,48378,1,23.3,0,0
Asia/Dubai,Mankhūl,AE,41244,1,18.9,0,0
Asia/Dubai,As Saţwah,AE,40997,1,16.5,0,0
Asia/Dubai,Khawr Fakkān,AE,40677,5,107.7,0,0
Asia/Dubai,Jumayrā,AE,39080,1,15.7,0,0
Asia/Dubai,Ar Rāshidīyah,AE,38425,1,18.3,0,0
Asia/Dubai,Kalbā,AE,37545,5,105.3,0,0
Asia/Dubai,Dubai International Financial Centre,AE,36000,1,15.2,0,0
Asia/Dubai,Dibba Al-Fujairah,AE,30000,6,111.6,0,0
Asia/Dubai,Al Ḩamīdīyah,AE,27000,2,42.2,0,0
Asia/Dubai,Dibba Al-Hisn,AE,26395,6,114.1,0,0
Asia/Dubai,Al Furjan,AE,26000,1,17.4,0,0
Asia/Dubai,The Palm Jumeirah,AE,25500,1,18.1,0,0
Asia/Dubai,Ar Ruways,AE,25000,13,282.0,0,0
Asia/Dubai,Dubai Internet City,AE,24000,1,15.0,0,0
Asia/Dubai,Al Wasl,AE,22153,1,14.6,0,0
Asia/Dubai,Al Waheda,AE,21608,1,24.0,0,0
Asia/Dubai,Adh Dhayd,AE,20165,3,62.2,0,0
Asia/Dubai,Al Murar al Qadīm,AE,19831,1,22.1,0,0
Asia/Dubai,Halwan,AE,19389,1,31.9,0,0
Asia/Dubai,Al Bada'a,AE,18816,1,16.9,0,0
Asia/Dubai,Bur Dubai,AE,18698,1,20.4,0,0
Asia/Dubai,Abū Hayl,AE,18043,1,23.1,0,0
Asia/Dubai,Al Jurf,AE,18000,2,42.8,0,0
Asia/Dubai,Al Mizhar First,AE,17498,1,23.2,0,0
Asia/Dubai,Umm Suqaym,AE,16459,1,13.2,0,0
Asia/Dubai,Al Safa,AE,15672,1,12.9,0,0
Asia/Dubai,Ḩattā,AE,15324,5,88.0,0,0
Asia/Kabul,Kabul,AF,4434550,0,0.0,0,0
Asia/Kabul,Herāt,AF,574300,29,639.6,0,0
Asia/Kabul,Mazār-e Sharīf,AF,523300,15,305.8,0,0
Asia/Kabul,Kandahār,AF,523300,22,457.2,0,0
Asia/Kabul,Jalālābād,AF,271900,6,117.8,0,0
Asia/Kabul,Kunduz,AF,161902,8,246.4,0,0
Asia/Kabul,Ghazni,AF,141000,6,128.6,0,0
Asia/Kabul,Balkh,AF,114883,16,321.9,0,0
Asia/Kabul,Bagrām,AF,113173,2,49.5,0,0
Asia/Kabul,Baghlān,AF,108449,7,183.1,0,0
Asia/Kabul,Gardez,AF,103601,3,103.6,0,0
Asia/Kabul,Khōst,AF,96123,7,149.1,0,0
Asia/Kabul,Maymana,AF,75900,22,427.6,0,0
Asia/Kabul,Khanabad,AF,71531,7,239.7,0,0
Asia/Kabul,Bāzār-e Yakāwlang,AF,65000,10,202.5,0,0
Asia/Kabul,Bāzārak,AF,65000,4,92.7,0,0
Asia/Kabul,Khulm,AF,64933,13,275.6,0,0
Asia/Kabul,Taloqan,AF,64256,8,247.7,0,0
Asia/Kabul,Bāmyān,AF,61863,7,127.2,0,0
Asia/Kabul,Pul-e Khumrī,AF,56369,6,162.9,0,0
Asia/Kabul,Shibirghān,AF,55641,21,390.1,0,0
Asia/Kabul,Charikar,AF,53676,2,54.0,0,0
Asia/Kabul,Sar-e Pul,AF,52121,18,348.5,0,0
Asia/Kabul,Zaranj,AF,49851,39,790.3,0,0
Asia/Kabul,Paghmān,AF,49157,2,21.3,0,0
Asia/Kabul,Asadābād,AF,48400,9,184.5,0,0
Asia/Kabul,Aībak,AF,47823,10,219.7,0,0
Asia/Kabul,Fayzabad,AF,44421,13,314.6,0,0
Asia/Kabul,Lashkar Gāh,AF,43934,27,553.6,0,0
Asia/Kabul,Gereshk,AF,43588,26,523.4,0,0
Asia/Kabul,Farah,AF,43561,34,696.8,0,0
Asia/Kabul,Istālif,AF,41413,2,35.0,0,0
Asia/Kabul,Andkhoy,AF,37900,24,454.0,0,0
Asia/Kabul,Bahārak,AF,32551,14,316.5,0,0
Asia/Kabul,Nīlī,AF,30058,15,294.0,0,0
Asia/Kabul,Ghormach,AF,30000,25,508.0,0,0
Asia/Kabul,Shīnḏanḏ,AF,29264,32,662.2,0,0
Asia/Kabul,Rustāq,AF,25636,10,294.9,0,0
Asia/Kabul,Khān Neshīn,AF,25600,32,671.0,0,0
Asia/Kabul,Qarāwul,AF,24544,9,301.4,0,0
Asia/Kabul,Jurm,AF,23064,13,300.0,0,0
Asia/Kabul,Nahrīn,AF,22363,5,170.9,0,0
Asia/Kabul,Baraki Barak,AF,22305,3,65.6,0,0
Asia/Kabul,Ārt Khwājah,AF,18623,8,285.7,0,0
Asia/Kabul,Eslam Qaleh,AF,18086,33,741.9,0,0
Asia/Kabul,Karukh,AF,17484,27,603.4,0,0
Asia/Kabul,Mehtar Lām,AF,17345,5,96.3,0,0
Asia/Kabul,Kushk,AF,16952,32,680.1,0,0
Asia/Kabul,Shahrak,AF,15967,21,449.4,0,0
Asia/Kabul,Āsmār,AF,15708,10,207.4,0,0
Asia/Kabul,Sang-e Chārak,AF,15377,15,288.7,0,0
Asia/Kabul,Khāsh,AF,15133,34,681.8,0,0
Asia/Kabul,Markaz-e Woluswalī-ye Āchīn,AF,15098,8,147.9,0,0
Asia/Kabul,Jabal os Saraj,AF,15032,2,65.9,0,0
Asia/Kabul,Qarqīn,AF,15018,21,427.2,0,0
Europe/Tirane,Tirana,AL,418495,0,0.0,0,0
Europe/Tirane,Durrës,AL,195920,2,30.4,0,0
Europe/Tirane,Vlorë,AL,115261,4,99.5,0,0
Europe/Tirane,Elbasan,AL,100903,2,32.6,0,0
Europe/Tirane,Shkodër,AL,95553,4,86.2,0,0
Europe/Tirane,Lushnjë,AL,63135,2,43.9,0,0
Europe/Tirane,Berat,AL,62232,3,70.0,0,0
Europe/Tirane,Fier-Çifçi,AL,60995,3,71.1,0,0
Europe/Tirane,Korçë,AL,58259,7,112.9,0,0
Europe/Tirane,Fier,AL,56297,3,70.5,0,0
Europe/Tirane,Krujë,AL,51191,1,20.3,0,0
Europe/Tirane,Pogradec,AL,46070,5,84.3,0,0
Europe/Tirane,Kukës,AL,36125,5,97.2,0,0
Europe/Tirane,Kuçovë,AL,31077,2,59.2,0,0
Europe/Tirane,Kavajë,AL,30012,2,27.0,0,0
Europe/Tirane,Bulqizë,AL,26826,2,38.3,0,0
Europe/Tirane,Gjirokastër,AL,23437,6,141.8,0,0
Europe/Tirane,Librazhd,AL,23312,3,44.6,0,0
Europe/Tirane,Patos Fshat,AL,22679,3,77.4,0,0
Europe/Tirane,Sarandë,AL,22613,6,162.2,0,0
Europe/Tirane,Rrashbull,AL,20099,2,25.8,0,0
Europe/Tirane,Lezhë,AL,18695,3,52.8,0,0
Europe/Tirane,Fushë-Krujë,AL,17877,1,18.8,0,0
Europe/Tirane,Peqin,AL,16580,2,31.8,0,0
Europe/Tirane,Patos,AL,16000,3,73.5,0,0
Asia/Baku,Baku,AZ,2351300,0,0.0,0,0
Asia/Baku,Sumgayit,AZ,427000,2,30.2,0,0
Asia/Baku,Ganja,AZ,330663,16,300.3,0,0
Asia/Baku,Khirdalan,AZ,196200,1,14.0,0,0
Asia/Baku,Yevlakh,AZ,127400,12,233.4,0,0
Asia/Baku,Mingachevir,AZ,106048,13,242.8,0,0
Asia/Baku,Naxçıvan,AZ,97200,22,404.1,0,0
Asia/Baku,Lankaran,AZ,89300,9,201.4,0,0
Asia/Baku,Qaraçuxur,AZ,87349,1,7.2,0,0
Asia/Baku,Lerik,AZ,87000,11,218.7,0,0
Asia/Baku,Şirvan,AZ,70220,5,95.3,0,0
Asia/Baku,Sheki,AZ,68400,14,246.4,0,0
Asia/Baku,Xaçmaz,AZ,67600,8,151.4,0,0
Asia/Baku,Bakıxanov,AZ,66686,1,7.8,0,0
Asia/Baku,Göyçay,AZ,42500,10,184.2,0,0
Asia/Baku,Bilajari,AZ,42194,1,10.4,0,0
Asia/Baku,Barda,AZ,41600,12,234.3,0,0
Asia/Baku,Shamkhir,AZ,41300,17,330.9,0,0
Asia/Baku,Aghjabadi,AZ,41200,11,209.7,0,0
Asia/Baku,Shamakhi,AZ,40300,6,109.4,0,0
Asia/Baku,Maştağa,AZ,40092,1,19.5,0,0
Asia/Baku,Saray,AZ,37800,2,22.8,0,0
Asia/Baku,Aghdam,AZ,37700,13,255.5,0,0
Asia/Baku,Salyan,AZ,36555,6,116.3,0,0
Asia/Baku,Hövsan,AZ,36293,1,16.4,0,0
Asia/Baku,Jalilabad,AZ,36259,9,176.6,0,0
Asia/Baku,Imishli,AZ,34178,9,165.6,0,0
Asia/Baku,Zaqatala,AZ,32171,18,306.1,0,0
Asia/Baku,Lokbatan,AZ,30694,1,14.6,0,0
Asia/Baku,Sabirabad,AZ,30612,7,127.0,0,0
Asia/Baku,Haji Zeynalabdin,AZ,29900,3,39.3,0,0
Asia/Baku,Amirdzhan,AZ,28203,1,9.5,0,0
Asia/Baku,Ismayilli,AZ,27500,9,153.8,0,0
Asia/Baku,Siyazan,AZ,25900,6,101.7,0,0
Asia/Baku,Fuzuli,AZ,25100,13,249.4,0,0
Asia/Baku,Buzovna,AZ,24795,2,24.5,0,0
Asia/Baku,Biny Selo,AZ,24596,1,18.4,0,0
Asia/Baku,Ağdaş,AZ,23528,11,206.6,0,0
Asia/Baku,Divichibazar,AZ,23248,7,119.1,0,0
Asia/Baku,Hacıqabul,AZ,23102,5,89.0,0,0
Asia/Baku,Quba,AZ,22405,9,159.4,0,0
Asia/Baku,Aghsu,AZ,22300,7,127.9,0,0
Asia/Baku,Zabrat,AZ,21396,1,11.9,0,0
Asia/Baku,Sabunçu,AZ,20996,1,8.6,0,0
Asia/Baku,Gazakh,AZ,20800,21,389.5,0,0
Asia/Baku,Mehdiabad,AZ,20500,1,13.7,0,0
Asia/Baku,Tartar,AZ,20400,12,250.9,0,0
Asia/Baku,Saatlı,AZ,20300,8,138.6,0,0
Asia/Baku,Goygol,AZ,19800,15,303.1,0,0
Asia/Baku,Shusha,AZ,19400,15,276.0,0,0
Asia/Baku,Kyurdarmir,AZ,19088,8,147.1,0,0
Asia/Baku,Neftçala,AZ,18661,6,124.2,0,0
Asia/Baku,Jorat,AZ,18500,2,26.8,0,0
Asia/Baku,Pushkino,AZ,18182,8,153.8,0,0
Asia/Baku,Gobu,AZ,17600,1,15.5,0,0
Asia/Baku,Hokmali,AZ,17300,1,14.4,0,0
Asia/Baku,Əhmədbəyli,AZ,17242,8,139.0,0,0
Asia/Baku,Nehram,AZ,17200,22,403.9,0,0
Asia/Baku,Yeni Suraxanı,AZ,16127,1,13.5,0,0
Asia/Baku,Qusar,AZ,16022,10,169.5,0,0
Asia/Baku,Ujar,AZ,15741,10,190.0,0,0
Asia/Baku,Govlar,AZ,15600,19,356.5,0,0
Asia/Baku,Beylagan,AZ,15599,11,204.7,0,0
Asia/Baku,Mardakan,AZ,15267,2,24.7,0,0
Asia/Baku,Astara,AZ,15190,10,230.8,0,0
Asia/Dhaka,Dhaka,BD,10356500,0,0.0,0,0
Asia/Dhaka,Chattogram,BD,3920222,10,211.0,0,0
Asia/Dhaka,Gazipur,BD,2674697,1,32.1,0,0
Asia/Dhaka,Khulna,BD,1500689,7,132.1,0,0
Asia/Dhaka,Rangpur,BD,1031388,12,254.7,0,0
Asia/Dhaka,Rajshahi,BD,763580,10,197.7,0,0
Asia/Dhaka,Comilla,BD,634654,4,83.9,0,0
Asia/Dhaka,Pallabi,BD,597574,1,13.3,0,0
Asia/Dhaka,Mirpur Model Thana,BD,546503,1,12.0,0,0
Asia/Dhaka,Mohammadpur,BD,527571,12,231.7,0,0
Asia/Dhaka,Hāthazāri,BD,498179,9,196.6,0,0
Asia/Dhaka,Shibganj,BD,378701,9,180.8,0,0
Asia/Dhaka,Natore,BD,369138,8,163.9,0,0
Asia/Dhaka,Kafrul,BD,339734,1,9.3,0,0
Asia/Dhaka,Tungi,BD,337579,1,20.1,0,0
Asia/Dhaka,Bhatara,BD,324300,1,10.9,0,0
Asia/Dhaka,Savar,BD,286008,2,22.2,0,0
Asia/Dhaka,Narsingdi,BD,281080,2,39.4,0,0
Asia/Dhaka,Nagar Naluākot,BD,273000,3,61.9,0,0
Asia/Dhaka,Bagerhat,BD,266388,6,133.0,0,0
Asia/Dhaka,Brāhmanbāria,BD,264326,4,77.5,0,0
Asia/Dhaka,Cox’s Bāzār,BD,253788,13,301.3,0,0
Asia/Dhaka,Jessore,BD,243987,7,135.8,0,0
Asia/Dhaka,Nāgarpur,BD,238422,4,66.3,0,0
Asia/Dhaka,Sylhet,BD,237000,10,198.7,0,0
Asia/Dhaka,Mymensingh,BD,225126,4,116.3,0,0
Asia/Dhaka,Narayanganj,BD,223622,1,14.5,0,0
Asia/Dhaka,Ashuganj City,BD,210356,4,71.6,0,0
Asia/Dhaka,Bogra,BD,210000,8,164.7,0,0
Asia/Dhaka,Dinajpur,BD,206234,14,278.2,0,0
Asia/Dhaka,Karnaphuli,BD,203697,11,218.5,0,0
Asia/Dhaka,Chāndpur,BD,203000,3,59.3,0,0
Asia/Dhaka,Motijheel,BD,202308,1,2.3,0,0
Asia/Dhaka,Barishal,BD,202242,4,111.9,0,0
Asia/Dhaka,Saidpur,BD,199422,13,276.2,0,0
Asia/Dhaka,Pār Naogaon,BD,192464,10,191.5,0,0
Asia/Dhaka,Pābna,BD,186781,6,123.5,0,0
Asia/Dhaka,Paltan,BD,184492,1,3.0,0,0
Asia/Dhaka,Tangail,BD,180144,4,78.0,0,0
Asia/Dhaka,Jamālpur,BD,167900,6,142.3,0,0
Asia/Dhaka,Puthia,BD,159406,9,175.6,0,0
Asia/Dhaka,Ramna Maidan,BD,143677,1,2.7,0,0
Asia/Dhaka,Nawābganj,BD,142361,12,237.5,0,0
Asia/Dhaka,Kushtia,BD,135724,6,132.8,0,0
Asia/Dhaka,Maijdi,BD,132185,6,117.5,0,0
Asia/Dhaka,Sonārgaon,BD,130000,1,22.3,0,0
Asia/Dhaka,Sātkhira,BD,128918,9,176.2,0,0
Asia/Dhaka,Sirajganj,BD,127481,6,109.3,0,0
Asia/Dhaka,Tungipara,BD,114482,5,103.8,0,0
Asia/Dhaka,Farīdpur,BD,112187,3,58.9,0,0
Asia/Dhaka,Sherpur,BD,107419,6,150.8,0,0
Asia/Dhaka,Rangamati,BD,106069,11,217.6,0,0
Asia/Dhaka,Bhairab Bāzār,BD,105457,4,69.2,0,0
Asia/Dhaka,Shāhzādpur,BD,102420,5,97.2,0,0
Asia/Dhaka,Bhola,BD,99079,4,116.3,0,0
Asia/Dhaka,Azimpur,BD,96641,1,3.1,0,0
Asia/Dhaka,Kishorganj,BD,90690,4,89.6,0,0
Asia/Dhaka,Bibir Hat,BD,89030,9,181.7,0,0
Asia/Dhaka,Habiganj,BD,88760,7,126.4,0,0
Asia/Dhaka,Madaripur,BD,84789,3,63.3,0,0
Asia/Dhaka,Feni,BD,84028,6,127.2,0,0
Asia/Dhaka,Lākshām,BD,82290,5,89.6,0,0
Asia/Dhaka,Ishwardi,BD,81995,7,144.1,0,0
Asia/Dhaka,Sarishābāri,BD,81325,6,129.6,0,0
Asia/Dhaka,Netrakona,BD,79016,5,134.5,0,0
Asia/Dhaka,Sunāmganj,BD,74570,9,181.6,0,0
Asia/Dhaka,Joypur Hāt,BD,73068,10,208.5,0,0
Asia/Dhaka,Mānikganj,BD,71698,3,43.7,0,0
Asia/Dhaka,Thākurgaon,BD,71096,16,323.7,0,0
Asia/Dhaka,Pālang,BD,67652,2,55.0,0,0
Asia/Dhaka,Lalmonirhat,BD,65127,11,263.9,0,0
Asia/Dhaka,Patuakhali,BD,65000,5,149.4,0,0
Asia/Dhaka,Rāipur,BD,64652,4,83.2,0,0
Asia/Dhaka,Lakshmīpur,BD,61703,4,95.5,0,0
Asia/Dhaka,Maulavi Bāzār,BD,57441,8,163.2,0,0
Asia/Dhaka,Rāmganj,BD,55241,4,81.5,0,0
Asia/Dhaka,Narail,BD,55112,6,111.7,0,0
Asia/Dhaka,Bāndarban,BD,54450,12,250.6,0,0
Asia/Dhaka,Pirojpur,BD,54418,6,133.3,0,0
Asia/Dhaka,Dhanmondi,BD,54210,1,4.0,0,0
Asia/Dhaka,Sandwīp,BD,52152,8,170.8,0,0
Asia/Dhaka,Sātkania,BD,52005,12,247.6,0,0
Asia/Dhaka,Patiya,BD,51360,11,225.0,0,0
Asia/Dhaka,Gopālganj,BD,51346,3,64.7,0,0
Asia/Dhaka,Khagrachhari,BD,50364,8,173.0,0,0
Asia/Dhaka,Chilmāri,BD,49736,9,218.3,0,0
Asia/Dhaka,Nageswari,BD,49425,11,261.2,0,0
Asia/Dhaka,Panchagarh,BD,48531,16,346.1,0,0
Asia/Dhaka,Uttar Char Fasson,BD,48305,6,167.9,0,0
Asia/Dhaka,Parbatipur,BD,48020,13,263.5,0,0
Asia/Dhaka,Paotana Hat,BD,45911,10,235.8,0,0
Asia/Dhaka,Burhānuddin,BD,45670,5,138.9,0,0
Asia/Dhaka,Kālīganj,BD,45631,7,133.6,0,0
Asia/Dhaka,Dohār,BD,45543,2,30.0,0,0
Asia/Dhaka,Hājīganj,BD,44343,4,68.4,0,0
Asia/Dhaka,Bhanga,BD,43202,3,55.8,0,0
Asia/Dhaka,Bhātpāra Abhaynagar,BD,42653,7,125.5,0,0
Asia/Dhaka,Lālmohan,BD,42220,6,156.3,0,0
Asia/Dhaka,Jhingergācha,BD,41957,8,150.0,0,0
Asia/Dhaka,Mirzāpur,BD,41137,3,53.8,0,0
Asia/Dhaka,Sakhipur,BD,40869,3,72.0,0,0
Asia/Dhaka,Teknāf,BD,40557,16,372.0,0,0
Asia/Dhaka,Gaurnadi,BD,40519,4,84.0,0,0
Asia/Dhaka,Kālia,BD,40492,6,108.6,0,0
Asia/Dhaka,Dohazāri,BD,40147,12,242.2,0,0
Asia/Dhaka,Bera,BD,39604,5,88.8,0,0
Asia/Dhaka,Mehendiganj,BD,39424,3,99.5,0,0
Asia/Dhaka,Chhāgalnāiya,BD,39335,7,136.0,0,0
Asia/Dhaka,Chhātak,BD,39218,10,195.3,0,0
Asia/Dhaka,Nālchiti,BD,38703,4,120.2,0,0
Asia/Dhaka,Bherāmāra,BD,38159,7,148.1,0,0
Asia/Dhaka,Phultala,BD,37985,7,143.5,0,0
Asia/Dhaka,Dukuria,BD,37894,1,3.4,0,0
Asia/Dhaka,Baniachang,BD,37807,7,131.8,0,0
Asia/Dhaka,Sarankhola,BD,36470,7,168.0,0,0
Asia/Dhaka,Shibganj,BD,35961,13,252.7,0,0
Asia/Dhaka,Pīrgaaj,BD,34606,16,315.7,0,0
Asia/Dhaka,Bājitpur,BD,34560,4,78.8,0,0
Asia/Dhaka,Char Bhadrāsan,BD,34423,3,48.3,0,0
Asia/Dhaka,Mātuail,BD,34310,1,5.3,0,0
Asia/Dhaka,Gafargaon,BD,34177,3,81.7,0,0
Asia/Dhaka,Badarganj,BD,32600,12,257.6,0,0
Asia/Dhaka,Nabīnagar,BD,31671,3,60.3,0,0
Asia/Dhaka,Morrelgonj,BD,31647,7,150.5,0,0
Asia/Dhaka,Kesabpur,BD,30926,8,150.6,0,0
Asia/Dhaka,Bhāndāria,BD,30219,6,140.3,0,0
Asia/Dhaka,Mathba,BD,29760,7,164.9,0,0
Asia/Dhaka,Shāhbāzpur Town,BD,29757,5,86.6,0,0
Asia/Dhaka,Burirchar,BD,29542,6,175.8,0,0
Asia/Dhaka,Raojān,BD,25708,10,202.4,0,0
Asia/Dhaka,Manikchari,BD,24813,9,175.6,0,0
Asia/Dhaka,Muktāgācha,BD,24684,4,118.2,0,0
Asia/Dhaka,Taluker Char Doani,BD,24563,7,181.0,0,0
Asia/Dhaka,Srimangal,BD,23332,8,149.8,0,0
Asia/Dhaka,Ayla Patakata,BD,19782,6,167.3,0,0
Asia/Dhaka,Natona,BD,19705,7,188.5,0,0
Asia/Dhaka,Charāmaddi,BD,18122,4,118.8,0,0
Africa/Ouagadougou,Ouagadougou,BF,2415266,0,0.0,0,0
Africa/Ouagadougou,Bobo-Dioulasso,BF,904920,14,328.2,0,0
Africa/Ouagadougou,Koudougou,BF,160239,4,91.4,0,0
Africa/Ouagadougou,Saaba,BF,136011,1,13.0,0,0
Africa/Ouagadougou,Ouahigouya,BF,124587,7,165.3,0,0
Africa/Ouagadougou,Kaya,BF,121970,3,94.0,0,0
Africa/Ouagadougou,Banfora,BF,117452,17,399.8,0,0
Africa/Ouagadougou,Pouytenga,BF,96469,5,121.1,0,0
Africa/Ouagadougou,Houndé,BF,87151,10,236.2,0,0
Africa/Ouagadougou,Fada N'gourma,BF,73200,9,208.4,0,0
Africa/Ouagadougou,Nioko I,BF,65263,1,10.8,0,0
Africa/Ouagadougou,Dédougou,BF,63617,8,209.5,0,0
Africa/Ouagadougou,Tenkodogo,BF,61936,6,141.9,0,0
Africa/Ouagadougou,Djibo,BF,61462,5,193.0,0,0
Africa/Ouagadougou,Kongoussi,BF,53627,3,106.8,0,0
Africa/Ouagadougou,Léo,BF,51743,6,153.9,0,0
Africa/Ouagadougou,Koupéla,BF,49372,6,130.2,0,0
Africa/Ouagadougou,Titao,BF,48241,6,166.1,0,0
Africa/Ouagadougou,Saonré,BF,47728,1,11.1,0,0
Africa/Ouagadougou,Dori,BF,46512,10,246.5,0,0
Africa/Ouagadougou,Aribinda,BF,45818,7,219.5,0,0
Africa/Ouagadougou,Gaoua,BF,45284,12,288.9,0,0
Africa/Ouagadougou,Garango,BF,40404,5,124.0,0,0
Africa/Ouagadougou,Gourcy,BF,40141,6,129.5,0,0
Africa/Ouagadougou,Yako,BF,38679,5,102.8,0,0
Africa/Ouagadougou,Zorgo,BF,35398,4,100.6,0,0
Africa/Ouagadougou,Réo,BF,33894,4,101.9,0,0
Africa/Ouagadougou,Orodara,BF,33422,17,399.5,0,0
Africa/Ouagadougou,Ziniaré,BF,33296,2,35.2,0,0
Africa/Ouagadougou,Niangoloko,BF,33292,19,435.5,0,0
Africa/Ouagadougou,Nouna,BF,32428,11,256.0,0,0
Africa/Ouagadougou,Bama,BF,31215,13,313.5,0,0
Africa/Ouagadougou,Bittou,BF,31210,7,181.7,0,0
Africa/Ouagadougou,Kombissiri,BF,28617,2,39.4,0,0
Africa/Ouagadougou,Manga,BF,28615,4,92.8,0,0
Africa/Ouagadougou,Pô,BF,28079,4,139.6,0,0
Africa/Ouagadougou,Bourzanga,BF,27213,3,145.9,0,0
Africa/Ouagadougou,Barogo,BF,26539,3,64.9,0,0
Africa/Ouagadougou,Gao,BF,26453,5,106.0,0,0
Africa/Ouagadougou,Tougan,BF,26347,8,184.2,0,0
Africa/Ouagadougou,Sapouy,BF,26345,3,93.9,0,0
Africa/Ouagadougou,Yalgo,BF,26340,4,97.4,0,0
Africa/Ouagadougou,Kokologo,BF,25958,2,41.9,0,0
Africa/Ouagadougou,Dano,BF,25922,9,214.3,0,0
Africa/Ouagadougou,Mogtédo,BF,25699,3,76.2,0,0
Africa/Ouagadougou,Diébougou,BF,25688,11,243.4,0,0
Africa/Ouagadougou,Boussé,BF,25022,3,51.2,0,0
Africa/Ouagadougou,Solenzo,BF,24783,11,278.0,0,0
Africa/Ouagadougou,Boulsa,BF,24200,5,109.4,0,0
Africa/Ouagadougou,Pissila,BF,23420,5,117.6,0,0
Africa/Ouagadougou,Béguédo,BF,21894,5,108.6,0,0
Africa/Ouagadougou,Zabré,BF,21726,6,164.1,0,0
Africa/Ouagadougou,Bogandé,BF,21443,7,165.1,0,0
Africa/Ouagadougou,Fara Department,BF,20434,7,163.3,0,0
Africa/Ouagadougou,Boromo,BF,20193,7,166.8,0,0
Africa/Ouagadougou,Cinkansé,BF,19815,9,217.9,0,0
Africa/Ouagadougou,Zinguédéssé,BF,19648,1,14.3,0,0
Africa/Ouagadougou,Korsimoro,BF,18875,3,71.9,0,0
Africa/Ouagadougou,Batié,BF,17997,12,314.6,0,0
Africa/Ouagadougou,Kouka,BF,17286,3,119.2,0,0
Africa/Ouagadougou,Natiaboani,BF,16640,10,233.9,0,0
Africa/Ouagadougou,Tita,BF,16450,5,117.6,0,0
Africa/Ouagadougou,Kindi,BF,16424,3,54.8,0,0
Africa/Ouagadougou,Namponkoré,BF,16423,15,366.8,0,0
Africa/Ouagadougou,Tô,BF,16026,5,127.2,0,0
Africa/Ouagadougou,Toma,BF,15851,7,154.4,0,0
Africa/Ouagadougou,Diapaga,BF,15515,14,362.5,0,0
Africa/Ouagadougou,Karankasso,BF,15474,16,361.6,0,0
Africa/Ouagadougou,Gomboussougou,BF,15336,5,133.3,0,0
Africa/Ouagadougou,Pa,BF,15170,11,264.4,0,0
Africa/Ouagadougou,Gayéri,BF,15170,9,222.3,0,0
Africa/Ouagadougou,Mani,BF,15066,7,174.2,0,0
Africa/Ouagadougou,Sabou,BF,15060,4,83.0,0,0
Africa/Ouagadougou,Kompienga,BF,15024,12,284.2,0,0
Asia/Bahrain,Al Muharraq,BH,176583,0,0.0,0,0
Asia/Bahrain,Manama,BH,147074,1,4.2,0,0
Asia/Bahrain,Madīnat Ḩamad,BH,133550,1,18.9,0,0
Asia/Bahrain,Ar Rifā‘,BH,115495,1,15.2,0,0
Asia/Bahrain,Sitrah,BH,72601,1,11.4,0,0
Asia/Bahrain,Jidd Ḩafş,BH,66588,1,7.7,0,0
Asia/Bahrain,Dār Kulayb,BH,65466,1,23.6,0,0
Asia/Bahrain,Madīnat ‘Īsá,BH,38090,1,11.3,0,0
Asia/Brunei,Bandar Seri Begawan,BN,64409,0,0.0,0,0
Asia/Brunei,Sengkurong,BN,40972,1,11.9,0,0
Asia/Brunei,Mentiri,BN,39324,1,12.6,0,0
Asia/Brunei,Kuala Belait,BN,31178,4,85.6,0,0
Asia/Brunei,Tutong,BN,19151,2,33.7,0,0
Asia/Brunei,Serasa,BN,18569,1,19.3,0,0
Asia/Brunei,Liang,BN,16813,3,54.6,0,0
Africa/Abidjan,Abidjan,CI,6321017,0,0.0,0,0
Africa/Abidjan,Abobo,CI,1340083,1,7.0,0,0
Africa/Abidjan,Bouaké,CI,832371,9,283.9,0,0
Africa/Abidjan,Korhogo,CI,440926,15,490.3,0,0
Africa/Abidjan,Daloa,CI,421871,13,319.3,0,0
Africa/Abidjan,Koumassi,CI,412282,1,7.4,0,0
Africa/Abidjan,San-Pédro,CI,390654,12,299.5,0,0
Africa/Abidjan,Gagnoa,CI,277044,10,232.3,0,0
Africa/Abidjan,Yamoussoukro,CI,275686,8,215.5,0,0
Africa/Abidjan,Sinfra,CI,245226,10,253.8,0,0
Africa/Abidjan,Man,CI,241969,19,454.4,0,0
Africa/Abidjan,Marcory,CI,214061,1,4.8,0,0
Africa/Abidjan,Bondoukou,CI,141568,11,326.8,0,0
Africa/Abidjan,Dabou,CI,138083,2,41.7,0,0
Africa/Abidjan,Divo,CI,136627,7,159.3,0,0
Africa/Abidjan,Anyama,CI,133905,1,16.5,0,0
Africa/Abidjan,Soubré,CI,131181,12,290.8,0,0
Africa/Abidjan,Abengourou,CI,130810,5,162.8,0,0
Africa/Abidjan,Bonon,CI,119938,12,286.0,0,0
Africa/Abidjan,Duekoué,CI,117023,16,401.0,0,0
Africa/Abidjan,Bouaflé,CI,104209,11,264.9,0,0
Africa/Abidjan,Séguéla,CI,103980,16,413.6,0,0
Africa/Abidjan,Daoukro,CI,101136,4,189.6,0,0
Africa/Abidjan,Grand-Bassam,CI,96797,2,33.1,0,0
Africa/Abidjan,Vavoua,CI,86977,14,354.5,0,0
Africa/Abidjan,Bingerville,CI,82983,1,12.9,0,0
Africa/Abidjan,Agboville,CI,81770,2,67.9,0,0
Africa/Abidjan,Danané,CI,78614,21,505.5,0,0
Africa/Abidjan,Adzopé,CI,76122,3,85.1,0,0
Africa/Abidjan,Méagui,CI,74365,11,283.3,0,0
Africa/Abidjan,Ferkessédougou,CI,72476,14,489.3,0,0
Africa/Abidjan,Dimbokro,CI,70198,6,163.4,0,0
Africa/Abidjan,Issia,CI,68263,13,312.5,0,0
Africa/Abidjan,Guiglo,CI,68113,17,408.2,0,0
Africa/Abidjan,Zagné,CI,63341,16,396.7,0,0
Africa/Abidjan,Agnibilékrou,CI,63015,7,216.3,0,0
Africa/Abidjan,Katiola,CI,59641,10,332.4,0,0
Africa/Abidjan,Aboisso,CI,59225,4,88.9,0,0
Africa/Abidjan,Oumé,CI,58606,8,193.9,0,0
Africa/Abidjan,Toumodi,CI,55986,7,174.7,0,0
Africa/Abidjan,Odienné,CI,54669,23,606.0,0,0
Africa/Abidjan,Tengréla,CI,52271,20,628.6,0,0
Africa/Abidjan,Boundiali,CI,51803,19,538.3,0,0
Africa/Abidjan,Bonoua,CI,49434,2,45.8,0,0
Africa/Abidjan,Ouangolodougou,CI,49248,14,528.4,0,0
Africa/Abidjan,Doropo,CI,48225,12,500.6,0,0
Africa/Abidjan,Affery,CI,47109,3,107.5,0,0
Africa/Abidjan,Zuénoula,CI,44097,13,323.3,0,0
Africa/Abidjan,Diégonéfla,CI,43456,8,202.6,0,0
Africa/Abidjan,Bloléquin,CI,41821,19,462.6,0,0
Africa/Abidjan,Hiré,CI,41430,7,170.5,0,0
Africa/Abidjan,Djapadji,CI,39673,12,312.1,0,0
Africa/Abidjan,Arrah,CI,37432,3,146.7,0,0
Africa/Abidjan,Fengolo,CI,37165,17,407.4,0,0
Africa/Abidjan,Grand-Lahou,CI,36906,5,115.4,0,0
Africa/Abidjan,Bongouanou,CI,36379,4,146.0,0,0
Africa/Abidjan,Akoupé,CI,35970,3,115.2,0,0
Africa/Abidjan,Tanda,CI,35854,9,287.4,0,0
Africa/Abidjan,Goya,CI,35292,16,402.1,0,0
Africa/Abidjan,Ndouci,CI,35145,4,101.3,0,0
Africa/Abidjan,Tiassalé,CI,35090,5,109.2,0,0
Africa/Abidjan,Saïoua,CI,34860,12,281.4,0,0
Africa/Abidjan,Sassandra,CI,34492,9,235.0,0,0
Africa/Abidjan,Ahouanou,CI,33939,4,96.4,0,0
Africa/Abidjan,Dianra,CI,33548,16,470.1,0,0
Africa/Abidjan,Balakouya,CI,33150,10,260.7,0,0
Africa/Abidjan,Béoumi,CI,33089,11,311.4,0,0
Africa/Abidjan,Kahin,CI,32991,18,437.1,0,0
Africa/Abidjan,Buyo,CI,32847,14,346.8,0,0
Africa/Abidjan,Gligbeuadji,CI,32380,11,299.3,0,0
Africa/Abidjan,Lakota,CI,32376,8,193.9,0,0
Africa/Abidjan,Grand-Zattry,CI,31326,12,292.9,0,0
Africa/Abidjan,Ancien-Prozi,CI,31245,17,416.7,0,0
Africa/Abidjan,Bonoufla,CI,30420,14,337.1,0,0
Africa/Abidjan,Konéfla,CI,30217,9,228.6,0,0
Africa/Abidjan,Zouan-Hounien,CI,29649,20,496.4,0,0
Africa/Abidjan,Tabou,CI,29469,15,385.4,0,0
Africa/Abidjan,Touba,CI,28986,21,520.8,0,0
Africa/Abidjan,M’Bengué,CI,28832,17,557.6,0,0
Africa/Abidjan,Gbapleu,CI,28802,15,371.6,0,0
Africa/Abidjan,Boboniessoko,CI,27529,14,343.9,0,0
Africa/Abidjan,Zaliohouan,CI,27050,12,294.4,0,0
Africa/Abidjan,Diawala,CI,26206,16,552.8,0,0
Africa/Abidjan,Kaouara,CI,26142,15,542.8,0,0
Africa/Abidjan,Guépaouo,CI,26111,9,225.8,0,0
Africa/Abidjan,Yabayo,CI,26037,12,294.6,0,0
Africa/Abidjan,Luénoufla,CI,25463,13,312.7,0,0
Africa/Abidjan,Zou,CI,25210,19,456.8,0,0
Africa/Abidjan,Gonaté,CI,24838,12,301.9,0,0
Africa/Abidjan,Niellé,CI,24780,17,567.4,0,0
Africa/Abidjan,Adiaké,CI,24701,3,77.6,0,0
Africa/Abidjan,Tiébissou,CI,24412,9,241.8,0,0
Africa/Abidjan,Bouna,CI,24312,13,449.2,0,0
Africa/Abidjan,Oupoyo,CI,23834,11,287.4,0,0
Africa/Abidjan,M’Batto,CI,23722,4,130.4,0,0
Africa/Abidjan,Belleville,CI,23595,14,334.1,0,0
Africa/Abidjan,Belleville,CI,23595,15,357.2,0,0
Africa/Abidjan,Bangolo Tahouake,CI,23420,16,397.1,0,0
Africa/Abidjan,Guibéroua,CI,23371,11,259.4,0,0
Africa/Abidjan,Biankouma,CI,23232,19,479.1,0,0
Africa/Abidjan,Mabéhiri,CI,23215,11,269.5,0,0
Africa/Abidjan,Para,CI,22807,14,368.6,0,0
Africa/Abidjan,Gabiadji,CI,22619,11,285.9,0,0
Africa/Abidjan,Bédiala,CI,22419,13,324.4,0,0
Africa/Abidjan,Tafiré,CI,22284,12,432.5,0,0
Africa/Abidjan,Dagbao I,CI,22056,9,224.7,0,0
Africa/Abidjan,Gnatroa,CI,21879,10,246.0,0,0
Africa/Abidjan,Bangolo,CI,21861,18,427.1,0,0
Africa/Abidjan,Gohouo,CI,21824,17,424.5,0,0
Africa/Abidjan,Niakaramandougou,CI,21793,12,393.9,0,0
Africa/Abidjan,Fronan,CI,21579,10,341.4,0,0
Africa/Abidjan,Biéby,CI,21578,3,90.2,0,0
Africa/Abidjan,Dagadji,CI,21333,12,312.5,0,0
Africa/Abidjan,Galébré,CI,21245,11,263.8,0,0
Africa/Abidjan,Moussadougou,CI,21186,9,207.2,0,0
Africa/Abidjan,Sahoua,CI,20838,10,252.2,0,0
Africa/Abidjan,Watté,CI,20769,12,311.0,0,0
Africa/Abidjan,Tortiya,CI,20738,14,422.7,0,0
Africa/Abidjan,Touih,CI,20686,11,280.4,0,0
Africa/Abidjan,Aboisso Comoé,CI,20659,4,78.6,0,0
Africa/Abidjan,Niablé,CI,20422,6,166.3,0,0
Africa/Abidjan,Bécédi-Brignan,CI,20284,2,61.7,0,0
Africa/Abidjan,Guézon,CI,20057,16,377.5,0,0
Africa/Abidjan,Guézon,CI,20057,18,430.9,0,0
Africa/Abidjan,Bléniméouin,CI,19689,17,403.5,0,0
Africa/Abidjan,Mankono,CI,19597,14,385.7,0,0
Africa/Abidjan,Gnago,CI,19370,8,199.0,0,0
Africa/Abidjan,Ahigbé Koffikro,CI,19351,3,69.0,0,0
Africa/Abidjan,Mahapleu,CI,19342,20,481.5,0,0
Africa/Abidjan,M’Bahiakro,CI,19307,6,236.8,0,0
Africa/Abidjan,Doukouya,CI,19290,9,209.5,0,0
Africa/Abidjan,Ogoudou,CI,19158,6,141.4,0,0
Africa/Abidjan,Lobakuya,CI,18713,10,261.1,0,0
Africa/Abidjan,Ebilassokro,CI,18530,5,135.0,0,0
Africa/Abidjan,Erémankono,CI,18428,6,129.7,0,0
Africa/Abidjan,Niapidou,CI,18336,9,227.4,0,0
Africa/Abidjan,Dabakala,CI,18322,8,337.9,0,0
Africa/Abidjan,Pélézi,CI,18278,15,377.6,0,0
Africa/Abidjan,Rubino,CI,18180,3,86.6,0,0
Africa/Abidjan,Mignouré,CI,18180,16,388.7,0,0
Africa/Abidjan,Dikodougou,CI,18087,15,456.7,0,0
Africa/Abidjan,Azaguié,CI,17987,1,31.9,0,0
Africa/Abidjan,Guéssabo,CI,17944,15,360.9,0,0
Africa/Abidjan,Vrouo,CI,17716,15,383.8,0,0
Africa/Abidjan,Baoutifla,CI,17712,14,344.1,0,0
Africa/Abidjan,Gbabam,CI,17699,7,175.9,0,0
Africa/Abidjan,Bianouan,CI,17561,5,115.8,0,0
Africa/Abidjan,Zaïbo,CI,17406,14,346.2,0,0
Africa/Abidjan,Bahé-Blaon,CI,17216,16,397.4,0,0
Africa/Abidjan,Sakassou,CI,17093,10,273.6,0,0
Africa/Abidjan,Maféré,CI,17008,4,107.8,0,0
Africa/Abidjan,Okromodou,CI,16922,7,185.4,0,0
Africa/Abidjan,Touagui,CI,16684,11,283.3,0,0
Africa/Abidjan,Nambingué,CI,16677,15,542.5,0,0
Africa/Abidjan,Diourouzon,CI,16666,17,424.7,0,0
Africa/Abidjan,Gadouan,CI,16620,12,279.7,0,0
Africa/Abidjan,Kranzadougou,CI,16614,15,375.5,0,0
Africa/Abidjan,Petitgoa I,CI,16457,13,311.8,0,0
Africa/Abidjan,Andé,CI,16341,3,159.0,0,0
Africa/Abidjan,Nzianouan,CI,16337,5,116.5,0,0
Africa/Abidjan,Gbolouville,CI,16321,4,87.9,0,0
Africa/Abidjan,Bayota,CI,16298,10,248.8,0,0
Africa/Abidjan,Logoualé,CI,16106,18,438.2,0,0
Africa/Abidjan,Petit Grabo,CI,16054,14,366.9,0,0
Africa/Abidjan,Baibli,CI,16018,17,416.8,0,0
Africa/Abidjan,Loboville,CI,16006,13,325.9,0,0
Africa/Abidjan,Gagny,CI,15910,12,305.7,0,0
Africa/Abidjan,Zéaglo,CI,15873,18,442.8,0,0
Africa/Abidjan,Okrouyo,CI,15852,11,270.2,0,0
Africa/Abidjan,Gnépasso,CI,15835,13,341.2,0,0
Africa/Abidjan,Flakièdougou,CI,15815,10,361.0,0,0
Africa/Abidjan,Gaoulou,CI,15794,10,240.7,0,0
Africa/Abidjan,Kolia,CI,15716,19,560.5,0,0
Africa/Abidjan,Aboka,CI,15627,14,337.9,0,0
Africa/Abidjan,Dignago,CI,15621,11,272.7,0,0
Africa/Abidjan,Zoukougbeu,CI,15375,15,353.1,0,0
Africa/Abidjan,Kouibly,CI,15335,17,415.2,0,0
Africa/Abidjan,Borotou-Koro,CI,15293,19,494.6,0,0
Africa/Abidjan,Nizahon II,CI,15290,16,392.4,0,0
Africa/Abidjan,Bognonzra,CI,15282,11,280.1,0,0
Africa/Abidjan,Kong,CI,15262,10,427.3,0,0
Africa/Abidjan,Diéhiba,CI,15253,17,414.6,0,0
Africa/Abidjan,Guéyo,CI,15080,9,232.0,0,0
Africa/Djibouti,Djibouti,DJ,626512,0,0.0,0,0
Africa/Djibouti,Balbala,DJ,554350,1,5.2,0,0
Africa/Djibouti,Ali Sabih,DJ,50006,3,67.4,0,0
Africa/Djibouti,Dikhil,DJ,32801,4,100.2,0,0
Africa/Djibouti,Tadjoura,DJ,19533,2,36.2,0,0
Africa/Djibouti,Arta,DJ,17477,2,32.7,0,0
Africa/Djibouti,Obock,DJ,15429,2,44.8,0,0
Africa/Cairo,Cairo,EG,9606916,0,0.0,0,0
Africa/Cairo,Alexandria,EG,5263542,9,179.8,0,0
Africa/Cairo,Giza,EG,4367343,1,7.1,0,0
Africa/Cairo,Shubrā al Khaymah,EG,1240289,1,6.9,0,0
Africa/Cairo,Port Said,EG,780515,7,167.4,0,0
Africa/Cairo,Suez,EG,699541,6,123.3,0,0
Africa/Cairo,Madīnat an Naşr,EG,668413,1,4.9,0,0
Africa/Cairo,Al Mansurah,EG,621953,3,109.0,0,0
Africa/Cairo,Al Maḩallah al Kubrá,EG,592573,4,101.3,0,0
Africa/Cairo,Tanta,EG,576648,4,84.1,0,0
Africa/Cairo,Assiut,EG,528669,9,320.5,0,0
Africa/Cairo,Al Fayyum,EG,519047,4,92.5,0,0
Africa/Cairo,Al Khuşūş,EG,488904,1,11.8,0,0
Africa/Cairo,Esna,EG,462787,20,545.6,0,0
Africa/Cairo,Zagazig,EG,430445,3,63.2,0,0
Africa/Cairo,Ismailia,EG,429465,6,115.1,0,0
Africa/Cairo,Luxor,EG,422407,19,504.1,0,0
Africa/Cairo,Kom Ombo,EG,409311,23,643.3,0,0
Africa/Cairo,Aswān,EG,379774,24,683.8,0,0
Africa/Cairo,6th of October City,EG,368650,2,33.4,0,0
Africa/Cairo,Ḩadā’iq al Qubbah,EG,339612,1,4.3,0,0
Africa/Cairo,Damanhur,EG,318207,7,131.4,0,0
Africa/Cairo,New Cairo,EG,313139,1,21.5,0,0
Africa/Cairo,Al Qāhirah al Jadīdah,EG,313139,1,18.9,0,0
Africa/Cairo,Damietta,EG,305920,6,159.9,0,0
Africa/Cairo,Rosetta,EG,301795,8,168.6,0,0
Africa/Cairo,Minya,EG,283605,8,224.3,0,0
Africa/Cairo,Banī Suwayf,EG,273151,4,110.9,0,0
Africa/Cairo,Shibīn al Kawm,EG,267945,3,59.2,0,0
Africa/Cairo,Sohag,EG,266944,13,392.2,0,0
Africa/Cairo,Az-Zuhūr,EG,266381,7,165.2,0,0
Africa/Cairo,Qina,EG,252883,18,457.0,0,0
Africa/Cairo,Al ‘Āshir min Ramaḑān,EG,246148,3,54.4,0,0
Africa/Cairo,Ḩalwān,EG,230000,1,25.1,0,0
Africa/Cairo,Mallawī,EG,212628,9,262.1,0,0
Africa/Cairo,Hurghada,EG,207132,19,399.8,0,0
Africa/Cairo,Arīsh,EG,199243,13,271.4,0,0
Africa/Cairo,Kafr ash Shaykh,EG,194569,5,120.4,0,0
Africa/Cairo,Bilbeis,EG,185237,2,49.8,0,0
Africa/Cairo,Banhā,EG,182254,2,44.6,0,0
Africa/Cairo,Idkū,EG,177152,8,165.6,0,0
Africa/Cairo,Marsá Maţrūḩ,EG,176498,21,409.5,0,0
Africa/Cairo,Al Maţarīyah,EG,162045,6,145.3,0,0
Africa/Cairo,Qalyub,EG,156363,1,13.6,0,0
Africa/Cairo,Al Ḩawāmidīyah,EG,155055,1,18.1,0,0
Africa/Cairo,Abū Kabīr,EG,154466,4,84.0,0,0
Africa/Cairo,Mīt Ghamr,EG,153754,2,72.6,0,0
Africa/Cairo,Akhmīm,EG,151430,13,392.2,0,0
Africa/Cairo,Girga,EG,151256,14,419.0,0,0
Africa/Cairo,Disūq,EG,149291,6,132.2,0,0
Africa/Cairo,Aḍ-Ḍawāḥy,EG,148624,7,164.1,0,0
Africa/Cairo,Samālūţ,EG,142009,8,201.6,0,0
Africa/Cairo,Al-'Ubūr,EG,138987,2,29.0,0,0
Africa/Cairo,Kirdāsah,EG,137588,1,13.8,0,0
Africa/Cairo,Bilqās,EG,137080,4,128.5,0,0
Africa/Cairo,Būsh,EG,136441,3,102.4,0,0
Africa/Cairo,Ţahţā,EG,134314,11,367.1,0,0
Africa/Cairo,Sinnūris,EG,133532,4,81.1,0,0
Africa/Cairo,Kafr ad Dawwār,EG,128539,8,160.2,0,0
Africa/Cairo,Al Manzalah,EG,127394,6,138.4,0,0
Africa/Cairo,Munūf,EG,125707,3,54.2,0,0
Africa/Cairo,Ashmūn,EG,124483,2,37.0,0,0
Africa/Cairo,As Sinbillāwayn,EG,124020,3,93.4,0,0
Africa/Cairo,Maghāghah,EG,118223,6,162.2,0,0
Africa/Cairo,Manfalūţ,EG,117925,9,307.0,0,0
Africa/Cairo,Fāqūs,EG,116945,4,90.7,0,0
Africa/Cairo,Banī Mazār,EG,115759,7,179.6,0,0
Africa/Cairo,Al Fashn,EG,112999,5,142.0,0,0
Africa/Cairo,Ţalkhā,EG,112851,3,110.9,0,0
Africa/Cairo,Abnūb,EG,111785,9,310.8,0,0
Africa/Cairo,Zefta,EG,111700,2,72.5,0,0
Africa/Cairo,Abū Tīj,EG,105418,10,335.6,0,0
Africa/Cairo,Dayrūţ,EG,102570,9,281.9,0,0
Africa/Cairo,Ţimā,EG,101130,11,351.2,0,0
Africa/Cairo,Dikirnis,EG,101082,4,118.8,0,0
Africa/Cairo,Al Jammālīyah,EG,99641,5,137.6,0,0
Africa/Cairo,Al Qūşīyah,EG,99598,10,294.6,0,0
Africa/Cairo,Minyā al Qamḩ,EG,99284,2,51.2,0,0
Africa/Cairo,Ash-Shaykh Zāyid,EG,95854,2,24.5,0,0
Africa/Cairo,Bibā,EG,94677,5,129.2,0,0
Africa/Cairo,Al Qurayn,EG,94632,4,77.2,0,0
Africa/Cairo,Awsīm,EG,94174,1,12.9,0,0
Africa/Cairo,Fuwwah,EG,93392,7,143.5,0,0
Africa/Cairo,El Shorouk,EG,91899,2,36.2,0,0
Africa/Cairo,Al Minshāh,EG,91149,13,402.3,0,0
Africa/Cairo,Al Badrashayn,EG,90833,1,23.7,0,0
Africa/Cairo,Abū Qurqāş,EG,90266,8,240.4,0,0
Africa/Cairo,Biyalā,EG,89068,4,123.6,0,0
Africa/Cairo,Samannūd,EG,87921,3,100.0,0,0
Africa/Cairo,Abū an Numrus,EG,86601,1,13.4,0,0
Africa/Cairo,Ibshawāy,EG,86186,5,95.6,0,0
Africa/Cairo,Al-Manākh,EG,84679,7,166.6,0,0
Africa/Cairo,Qūş,EG,84386,19,484.5,0,0
Africa/Cairo,Al Qanāţir al Khayrīyah,EG,83568,1,18.1,0,0
Africa/Cairo,Kafr az Zayyāt,EG,83348,5,94.3,0,0
Africa/Cairo,Al Khārjah,EG,83108,16,517.4,0,0
Africa/Cairo,Al-Khārijah,EG,83108,17,539.6,0,0
Africa/Cairo,Ḩawsh ‘Īsá,EG,82999,7,131.9,0,0
Africa/Cairo,Minyat an Naşr,EG,82429,4,124.1,0,0
Africa/Cairo,Maţāy,EG,82328,7,188.4,0,0
Africa/Cairo,Al Khānkah,EG,81646,1,20.0,0,0
Africa/Cairo,Būr Fu’ād,EG,81591,7,166.5,0,0
Africa/Cairo,Diyarb Najm,EG,80954,3,79.1,0,0
Africa/Cairo,Edfu,EG,79510,22,587.6,0,0
Africa/Cairo,Armant,EG,78695,19,510.1,0,0
Africa/Cairo,Sirs al Layyānah,EG,78168,3,50.1,0,0
Africa/Cairo,Ītāy al Bārūd,EG,77606,5,107.3,0,0
Africa/Cairo,Juhaynah,EG,76555,12,377.6,0,0
Africa/Cairo,Shirbīn,EG,76081,4,128.8,0,0
Africa/Cairo,Ash Shuhadā’,EG,76071,4,68.3,0,0
Africa/Cairo,Mashtūl as Sūq,EG,75837,2,35.3,0,0
Africa/Cairo,Basyūn,EG,75084,5,106.1,0,0
Africa/Cairo,Hihyā,EG,74823,3,75.1,0,0
Africa/Cairo,Iţsā,EG,74357,4,102.0,0,0
Africa/Cairo,Shibīn al Qanāţir,EG,73711,1,28.6,0,0
Africa/Cairo,Ţāmiyah,EG,73070,3,70.9,0,0
Africa/Cairo,Talā,EG,72536,4,74.6,0,0
Africa/Cairo,Madīnat as Sādāt,EG,71501,4,78.9,0,0
Africa/Cairo,Farshūţ,EG,71013,16,454.5,0,0
Africa/Cairo,Al Ghanāyim,EG,70884,10,354.5,0,0
Africa/Cairo,Al Qanāyāt,EG,70687,2,65.2,0,0
Africa/Cairo,Ihnāsyā al Madīnah,EG,68976,4,112.2,0,0
Africa/Cairo,Ad Dilinjāt,EG,68901,6,109.2,0,0
Africa/Cairo,Al Balyanā,EG,68413,15,431.8,0,0
Africa/Cairo,Abū al Maţāmīr,EG,66946,7,139.6,0,0
Africa/Cairo,Quwaysinā,EG,65690,2,56.5,0,0
Africa/Cairo,Sumusţā al Waqf,EG,64965,5,132.6,0,0
Africa/Cairo,Dishnā,EG,64744,17,454.1,0,0
Africa/Cairo,Ihnāsīyah,EG,64058,4,110.1,0,0
Africa/Cairo,Al Bājūr,EG,62961,2,45.7,0,0
Africa/Cairo,Darāw,EG,61790,24,650.1,0,0
Africa/Cairo,Aş Şaff,EG,61531,2,55.4,0,0
Africa/Cairo,Abū Ḩummuş,EG,61388,7,145.4,0,0
Africa/Cairo,Dayr Mawās,EG,60835,9,272.0,0,0
Africa/Cairo,Al Burj,EG,60320,6,170.9,0,0
Africa/Cairo,Nag Hammâdi,EG,59601,16,456.7,0,0
Africa/Cairo,Aş Şāliḩīyah al Jadīdah,EG,59320,4,91.5,0,0
Africa/Cairo,Nabarūh,EG,59202,3,115.2,0,0
Africa/Cairo,Al Ḩāmūl,EG,58430,5,139.2,0,0
Africa/Cairo,Al Wāsiţah,EG,57870,3,80.7,0,0
Africa/Cairo,Al Badārī,EG,56033,10,341.7,0,0
Africa/Cairo,Kawm Ḩamādah,EG,55652,5,93.9,0,0
Africa/Cairo,Dumyāţ al Jadīdah,EG,54508,5,157.9,0,0
Africa/Cairo,As Sāḩil,EG,54094,10,333.7,0,0
Africa/Cairo,Al Ibrāhīmīyah,EG,53791,3,78.9,0,0
Africa/Cairo,Al Marāghah,EG,53643,12,375.5,0,0
Africa/Cairo,Safaga,EG,53639,21,452.7,0,0
Africa/Cairo,‘Izbat ‘Alī as Sayyid,EG,53079,8,161.0,0,0
Africa/Cairo,Ţūkh,EG,52593,2,32.8,0,0
Africa/Cairo,Būlāq Abū al ‘Ilā,EG,51741,1,1.8,0,0
Africa/Cairo,Balţīm,EG,51280,6,166.7,0,0
Africa/Cairo,Birkat as Sab‘,EG,50924,3,65.0,0,0
Africa/Cairo,Al Ḩusaynīyah,EG,50651,5,109.5,0,0
Africa/Cairo,Qillīn,EG,48233,5,115.9,0,0
Africa/Cairo,Mīt Salsīl,EG,48166,5,133.7,0,0
Africa/Cairo,Kafr al Baţţīkh,EG,47198,5,156.3,0,0
Africa/Cairo,Aga,EG,47013,3,97.8,0,0
Africa/Cairo,Zaafarana,EG,46993,9,172.7,0,0
Africa/Cairo,At Tall al Kabīr,EG,46962,4,74.1,0,0
Africa/Cairo,Banī ‘Ubayd,EG,46060,8,239.0,0,0
Africa/Cairo,Burj al ‘Arab al Jadīdah,EG,45865,10,184.5,0,0
Africa/Cairo,As Sanţah,EG,45813,3,76.9,0,0
Africa/Cairo,Al ‘Ayyāţ,EG,45793,2,49.3,0,0
Africa/Cairo,Aş Şalāḩāt,EG,45557,4,110.5,0,0
Africa/Cairo,Al ‘Ayn as Sukhnah,EG,45552,6,117.3,0,0
Africa/Cairo,Ain Sukhna,EG,45552,6,115.1,0,0
Africa/Cairo,Kafr al Kurdī,EG,44905,5,132.5,0,0
Africa/Cairo,Ras Gharib,EG,44852,13,259.6,0,0
Africa/Cairo,Sīdī Sālim,EG,44709,6,141.5,0,0
Africa/Cairo,Kafr Şaqr,EG,44529,3,88.9,0,0
Africa/Cairo,Ar Raḩmānīyah,EG,44482,6,129.7,0,0
Africa/Cairo,Rafaḩ,EG,44215,15,316.4,0,0
Africa/Cairo,Muţūbas,EG,43899,7,153.6,0,0
Africa/Cairo,Fāraskūr,EG,43400,5,147.8,0,0
Africa/Cairo,Abū Ḩammād,EG,43001,3,67.0,0,0
Africa/Cairo,Shubrākhīt,EG,41233,6,118.9,0,0
Africa/Cairo,Madīnat Wādī an Naţrūn,EG,41186,5,93.2,0,0
Africa/Cairo,Aţ Ţārif,EG,38871,19,499.8,0,0
Africa/Cairo,Sharm el-Sheikh,EG,38478,19,383.0,0,0
Africa/Cairo,El-Tor,EG,38285,15,306.7,0,0
Africa/Cairo,Sīdī Barānī,EG,38253,27,536.6,0,0
Africa/Cairo,Dār as Salām,EG,38008,15,428.1,0,0
Africa/Cairo,Abū Qīr,EG,37997,9,179.4,0,0
Africa/Cairo,‘Izbat al Burj,EG,37953,6,170.4,0,0
Africa/Cairo,Sumusţā as Sulţānī,EG,37260,5,133.2,0,0
Africa/Cairo,Qahā,EG,36225,1,24.6,0,0
Africa/Cairo,Fāyīd,EG,35066,5,105.6,0,0
Africa/Cairo,Al Waqf,EG,34723,17,456.8,0,0
Africa/Cairo,Al Maḩmūdīyah,EG,34660,7,142.7,0,0
Africa/Cairo,Sāqultah,EG,34273,12,380.8,0,0
Africa/Cairo,Badr,EG,32940,2,45.5,0,0
Africa/Cairo,Al Başalīyah Baḩrī,EG,32920,21,565.0,0,0
Africa/Cairo,Awlād Şaqr,EG,32840,4,105.7,0,0
Africa/Cairo,Abu Suweir-el-Mahatta,EG,32763,5,100.4,0,0
Africa/Cairo,Banī Suwayf al Jadīdah,EG,32278,4,115.2,0,0
Africa/Cairo,Quţūr,EG,32043,4,105.0,0,0
Africa/Cairo,Maḩallat Damanah,EG,31921,4,114.8,0,0
Africa/Cairo,Al Qanţarah,EG,31808,6,134.8,0,0
Africa/Cairo,Ar-Rawḍah,EG,31240,5,148.5,0,0
Africa/Cairo,Şān al Ḩajar al Qiblīyah,EG,30969,5,117.7,0,0
Africa/Cairo,Kafr Shukr,EG,30948,2,54.2,0,0
Africa/Cairo,Ţūd,EG,30780,19,513.9,0,0
Africa/Cairo,Şidfā,EG,30228,10,344.5,0,0
Africa/Cairo,As Sarw,EG,29286,5,136.4,0,0
Africa/Cairo,New Bani Sewif City,EG,29117,4,114.9,0,0
Africa/Cairo,Sīdī Ghāzī,EG,28136,5,129.1,0,0
Africa/Cairo,Badr,EG,28091,4,76.9,0,0
Africa/Cairo,El Dabaa,EG,27697,15,289.2,0,0
Africa/Cairo,Hala'ib,EG,27000,45,1024.4,0,0
Africa/Cairo,Az Zarqā,EG,26955,4,132.7,0,0
Africa/Cairo,Aţfīḩ,EG,26943,2,72.8,0,0
Africa/Cairo,Mūţ,EG,26820,22,555.6,0,0
Africa/Cairo,Naqādah,EG,26774,19,484.8,0,0
Africa/Cairo,Ash Shaykh Zuwayd,EG,26713,14,302.3,0,0
Africa/Cairo,Bi’r al ‘Abd,EG,26330,10,199.3,0,0
Africa/Cairo,Al ‘Idwah,EG,26092,6,158.6,0,0
Africa/Cairo,Sīwah,EG,25031,26,561.9,0,0
Africa/Cairo,Al Quşayr,EG,24653,24,530.7,0,0
Africa/Cairo,Al Qaşşāşīn,EG,24364,4,86.2,0,0
Africa/Cairo,Ar Riyāḑ,EG,24254,5,134.3,0,0
Africa/Cairo,Qifţ,EG,24010,19,477.4,0,0
Africa/Cairo,Yūsuf aṣ-Ṣiddīq,EG,23965,5,100.8,0,0
Africa/Cairo,Al Bayāḑīyah,EG,23550,19,507.6,0,0
Africa/Cairo,An Nūbārīyah,EG,23282,7,131.4,0,0
Africa/Cairo,Munsha‘at Abū ‘Umar,EG,22543,5,119.6,0,0
Africa/Cairo,Burj al ‘Arab,EG,22444,10,187.6,0,0
Africa/Cairo,An Nāşirīyah,EG,22435,9,317.7,0,0
Africa/Cairo,As Sibā‘īyah,EG,21610,20,559.3,0,0
Africa/Cairo,Mīt Abū Ghālib,EG,20470,5,142.3,0,0
Africa/Cairo,Jarājūs,EG,20427,19,488.9,0,0
Africa/Cairo,Timayy al Imdīd,EG,20389,3,101.6,0,0
Africa/Cairo,Az Zaynīyah Qiblī,EG,20000,19,499.5,0,0
Africa/Cairo,An-Najaylah,EG,19768,23,470.3,0,0
Africa/Cairo,Manshīyat al Qanāţir,EG,19185,1,19.3,0,0
Africa/Cairo,Al Ḩammām,EG,18407,10,198.5,0,0
Africa/Cairo,Abū Ţisht,EG,18194,15,446.1,0,0
Africa/Cairo,Kafr Sa‘d,EG,18120,5,149.7,0,0
Africa/Cairo,Al-Minyā al-Jadīdah,EG,17470,8,223.8,0,0
Africa/Cairo,As Sallūm,EG,16545,29,604.8,0,0
Africa/Cairo,Ar Radīsīyah Qiblī,EG,16190,22,595.6,0,0
Africa/Cairo,Al Bawīţī,EG,15653,15,299.5,0,0
Africa/El_Aaiun,Laayoune,EH,196331,0,0.0,0,0
Africa/El_Aaiun,Dakhla,EH,106277,20,474.5,0,0
Africa/El_Aaiun,Boujdour,EH,42651,8,171.1,0,0
Africa/El_Aaiun,El Marsa,EH,28848,1,23.1,0,0
Africa/Asmara,Asmara,ER,563930,0,0.0,0,0
Africa/Asmara,Keren,ER,74800,3,71.0,0,0
Africa/Asmara,Himora,ER,46100,12,275.2,0,0
Africa/Asmara,Af’abet,ER,35673,4,98.1,0,0
Africa/Asmara,Massawa,ER,23100,3,65.5,0,0
Africa/Asmara,Assab,ER,21300,21,485.3,0,0
Africa/Asmara,Mendefera,ER,17781,2,51.7,0,0
Africa/Asmara,Barentu,ER,15891,6,146.2,0,0
Africa/Addis_Ababa,Cabudwaaq,SO,120000,36,880.1,0,0
Africa/Addis_Ababa,Balanbale,SO,68000,35,854.1,0,0
Africa/Banjul,Serekunda,GM,340000,0,0.0,0,0
Africa/Banjul,Brikama,GM,97233,1,18.8,0,0
Africa/Banjul,Bununka Kunda,GM,66449,1,1.5,0,0
Africa/Banjul,Sukuta,GM,56472,1,4.5,0,0
Africa/Banjul,Talinding,GM,48687,1,1.5,0,0
Africa/Banjul,Faji Kunda,GM,45757,1,2.6,0,0
Africa/Banjul,Bakau,GM,43098,1,4.4,0,0
Africa/Banjul,Banjul,GM,37274,1,10.9,0,0
Africa/Banjul,Nema Kunku,GM,34390,4,88.5,0,0
Africa/Banjul,Farafenni,GM,32883,5,117.4,0,0
Africa/Banjul,Bakau New Town,GM,30325,1,3.9,0,0
Africa/Banjul,Busumbala,GM,28829,1,11.1,0,0
Africa/Banjul,Lamin,GM,28500,2,28.1,0,0
Africa/Banjul,Welingara,GM,27856,1,3.9,0,0
Africa/Banjul,Brufut,GM,27664,1,9.5,0,0
Africa/Banjul,Ibo Town,GM,27353,0,0.4,0,0
Africa/Banjul,Sanchaba,GM,25091,1,3.9,0,0
Africa/Banjul,Latri Kunda,GM,23724,1,1.4,0,0
Africa/Banjul,Gunjur,GM,22741,1,27.0,0,0
Africa/Banjul,Manjai Kunda,GM,22327,1,2.8,0,0
Africa/Banjul,Dippa Kunda,GM,21190,1,1.0,0,0
Africa/Banjul,New Jeshwang,GM,20878,1,1.7,0,0
Africa/Banjul,Bakoti,GM,20314,1,2.4,0,0
Africa/Banjul,Kunkujang,GM,19998,1,5.4,0,0
Africa/Banjul,Sinchu Alagi,GM,19672,1,7.1,0,0
Africa/Banjul,Kotu,GM,19634,1,3.8,0,0
Africa/Banjul,Abuko,GM,18978,1,4.5,0,0
Africa/Banjul,Latri Sabiji,GM,18747,1,2.8,0,0
Africa/Banjul,Tanji,GM,17441,1,15.5,0,0
Africa/Banjul,Kanifing,GM,17159,1,1.0,0,0
Africa/Banjul,Soma,GM,15210,5,123.8,0,0
Africa/Banjul,Sanyang,GM,15090,1,21.0,0,0
Africa/Banjul,Farato,GM,15017,10,266.3,0,0
Africa/Conakry,Conakry,GN,1928389,0,0.0,0,0
Africa/Conakry,Camayenne,GN,1871242,1,1.2,0,0
Africa/Conakry,Nzérékoré,GN,226426,23,569.7,0,0
Africa/Conakry,Kankan,GN,221428,20,488.0,0,0
Africa/Conakry,Manéah,GN,194297,2,35.9,0,0
Africa/Conakry,Dubréka,GN,182296,2,32.8,0,0
Africa/Conakry,Kindia,GN,161024,5,106.0,0,0
Africa/Conakry,Siguiri,GN,148018,22,535.7,0,0
Africa/Conakry,Dixinn,GN,137287,1,1.5,0,0
Africa/Conakry,Kissidougou,GN,116019,15,394.5,0,0
Africa/Conakry,Kamsar,GN,113350,7,160.8,0,0
Africa/Conakry,Labé,GN,107571,10,249.8,0,0
Africa/Conakry,Gueckedou,GN,79140,16,403.8,0,0
Africa/Conakry,Mamou,GN,79109,8,197.1,0,0
Africa/Conakry,Coyah,GN,77103,2,37.2,0,0
Africa/Conakry,Faranah,GN,70181,13,326.3,0,0
Africa/Conakry,Macenta,GN,68020,19,475.0,0,0
Africa/Conakry,Fria,GN,64169,2,92.7,0,0
Africa/Conakry,Boké,GN,63736,6,168.9,0,0
Africa/Conakry,Kolaboui,GN,57251,6,160.7,0,0
Africa/Conakry,Sangarédi,GN,54824,4,174.0,0,0
Africa/Conakry,Koumbia,GN,45970,6,252.3,0,0
Africa/Conakry,Kouroussa,GN,36295,18,433.3,0,0
Africa/Conakry,Lola,GN,32555,24,597.5,0,0
Africa/Conakry,Kolenté,GN,31312,7,159.3,0,0
Africa/Conakry,Télimélé,GN,30311,6,167.0,0,0
Africa/Conakry,Dabola,GN,29449,13,311.6,0,0
Africa/Conakry,Bissikrima,GN,28840,14,333.9,0,0
Africa/Conakry,Kintinian,GN,27969,22,522.3,0,0
Africa/Conakry,Dogomet,GN,27748,13,297.6,0,0
Africa/Conakry,Kérouané,GN,26990,20,512.2,0,0
Africa/Conakry,Tougué,GN,25531,12,305.6,0,0
Africa/Conakry,Pita,GN,25355,9,219.8,0,0
Africa/Conakry,Donghol-Sigon,GN,25222,11,297.9,0,0
Africa/Conakry,Wendou Borou,GN,25150,5,212.0,0,0
Africa/Conakry,Banko,GN,23638,15,349.6,0,0
Africa/Conakry,Douako,GN,23416,15,383.6,0,0
Africa/Conakry,Forécariah,GN,23350,3,65.7,0,0
Africa/Conakry,Koundara,GN,22326,8,330.1,0,0
Africa/Conakry,Dinguiraye,GN,20993,16,378.3,0,0
Africa/Conakry,Yende Millimou,GN,20372,16,391.5,0,0
Africa/Conakry,Beyla,GN,19848,22,560.1,0,0
Africa/Conakry,Mandiana,GN,19110,23,558.8,0,0
Africa/Conakry,Albadéria,GN,17147,15,392.3,0,0
Africa/Conakry,Moussadou,GN,16725,22,562.1,0,0
Africa/Conakry,Arfa Moussaïa,GN,16561,12,287.4,0,0
Africa/Conakry,Kamabi,GN,16178,8,319.5,0,0
Africa/Bissau,Bissau,GW,439704,0,0.0,0,0
Africa/Bissau,Bairro Militar,GW,65274,1,2.3,0,0
Africa/Bissau,Gabú,GW,49371,7,156.6,0,0
Africa/Bissau,Contumo,GW,45482,1,2.6,0,0
Africa/Bissau,Reino de Bandim,GW,44718,1,1.5,0,0
Africa/Bissau,Missira,GW,38838,1,1.0,0,0
Africa/Bissau,Bafatá,GW,33502,5,107.2,0,0
Africa/Bissau,Reino de Antula,GW,30778,1,4.3,0,0
Africa/Bissau,Quelele,GW,28898,1,3.9,0,0
Africa/Bissau,Plaque,GW,27633,1,3.0,0,0
Africa/Bissau,Luanda,GW,25236,1,1.7,0,0
Africa/Bissau,Sintra-Nema,GW,21451,1,0.1,0,0
Africa/Bissau,Xitole,GW,19424,4,86.2,0,0
Africa/Bissau,Belem,GW,17263,1,1.3,0,0
Africa/Bissau,Santa-Luzia,GW,17204,1,2.8,0,0
Asia/Jakarta,Jakarta,ID,8540121,0,0.0,0,0
Asia/Jakarta,Surabaya,ID,3018022,26,662.2,0,0
Asia/Jakarta,Bekasi,ID,2648272,1,16.1,0,0
Asia/Jakarta,Bandung,ID,2528163,5,115.2,0,0
Asia/Jakarta,Medan,ID,2486283,51,1418.3,0,0
Asia/Jakarta,Depok,ID,2163635,1,20.8,0,0
Asia/Jakarta,Tangerang,ID,1927815,1,24.1,0,0
Asia/Jakarta,Palembang,ID,1801367,15,434.3,0,0
Asia/Jakarta,Semarang,ID,1694740,16,404.3,0,0
Asia/Jakarta,South Tangerang,ID,1429529,1,16.3,0,0
Asia/Jakarta,Batam,ID,1296960,25,876.6,0,0
Asia/Jakarta,Jepara,ID,1257912,17,424.8,0,0
Asia/Jakarta,Pekanbaru,ID,1167599,34,959.1,0,0
Asia/Jakarta,Bandar Lampung,ID,1166066,8,195.8,0,0
Asia/Jakarta,Bogor,ID,1078351,1,42.7,0,0
Asia/Jakarta,Padang,ID,942938,36,928.1,0,0
Asia/Jakarta,Malang,ID,889359,27,667.8,0,0
Asia/Jakarta,Tasikmalaya,ID,770839,8,195.9,0,0
Asia/Jakarta,Serang,ID,735651,3,77.2,0,0
Asia/Jakarta,Situbondo,ID,685967,32,808.0,0,0
Asia/Jakarta,Jambi City,ID,635101,22,625.7,0,0
Asia/Jakarta,Cimahi,ID,581994,5,106.2,0,0
Asia/Jakarta,Surakarta,ID,526870,19,464.7,0,0
Asia/Jakarta,Cilegon,ID,470378,4,90.2,0,0
Asia/Jakarta,Bengkulu,ID,397321,23,573.9,0,0
Asia/Jakarta,Yogyakarta,ID,375699,18,426.6,0,0
Asia/Jakarta,Sukabumi,ID,365735,2,78.7,0,0
Asia/Jakarta,Cibinong,ID,363424,1,29.7,0,0
Asia/Jakarta,Dumai,ID,349389,36,1062.0,0,0
Asia/Jakarta,Cirebon,ID,344851,8,196.9,0,0
Asia/Jakarta,Pekalongan,ID,324564,13,321.5,0,0
Asia/Jakarta,Percut,ID,311063,50,1408.0,0,0
Asia/Jakarta,Karawang,ID,307880,3,53.4,0,0
Asia/Jakarta,Kediri,ID,301424,24,597.9,0,0
Asia/Jakarta,Jember,ID,298585,32,786.8,0,0
Asia/Jakarta,Tegal,ID,297173,11,263.8,0,0
Asia/Jakarta,Cileungsir,ID,289833,1,23.7,0,0
Asia/Jakarta,Binjai,ID,279302,52,1432.7,0,0
Asia/Jakarta,Pematangsiantar,ID,279198,48,1336.5,0,0
Asia/Jakarta,Banda Aceh,ID,267962,68,1828.0,0,0
Asia/Jakarta,Pasarkemis,ID,263289,2,35.2,0,0
Asia/Jakarta,Cilacap,ID,256996,12,292.1,0,0
Asia/Jakarta,Padangsidempuan,ID,243843,45,1191.6,0,0
Asia/Jakarta,Probolinggo,ID,243746,29,723.7,0,0
Asia/Jakarta,Lubuklinggau,ID,234166,22,548.0,0,0
Asia/Jakarta,Purwokerto,ID,230235,12,296.0,0,0
Asia/Jakarta,Tanjung Pinang,ID,227663,23,836.1,0,0
Asia/Jakarta,Pangkalpinang,ID,226297,11,461.5,0,0
Asia/Jakarta,Batu,ID,225408,27,653.6,0,0
Asia/Jakarta,Citeureup,ID,214668,1,30.4,0,0
Asia/Jakarta,Pasuruan,ID,213469,28,687.8,0,0
Asia/Jakarta,Banjar,ID,209791,5,126.8,0,0
Asia/Jakarta,Ciputat,ID,207858,1,16.7,0,0
Asia/Jakarta,Ciampea,ID,207212,2,41.0,0,0
Asia/Jakarta,Madiun,ID,202544,22,539.9,0,0
Asia/Jakarta,Rengasdengklok,ID,201463,2,50.4,0,0
Asia/Jakarta,Lhokseumawe,ID,200876,60,1662.4,0,0
Asia/Jakarta,Sumedang,ID,200000,6,138.3,0,0
Asia/Jakarta,Salatiga,ID,198971,17,421.5,0,0
Asia/Jakarta,Sawangan,ID,197170,1,22.3,0,0
Asia/Jakarta,Padalarang,ID,193114,4,98.0,0,0
Asia/Jakarta,Curug,ID,191406,2,32.4,0,0
Asia/Jakarta,Tanjungbalai,ID,190935,45,1286.1,0,0
Asia/Jakarta,Pemalang,ID,184149,12,290.3,0,0
Asia/Jakarta,Langsa,ID,184016,55,1543.5,0,0
Asia/Jakarta,Lembang,ID,183130,5,108.1,0,0
Asia/Jakarta,Singosari,ID,182656,27,668.8,0,0
Asia/Jakarta,Metro,ID,182293,8,209.7,0,0
Asia/Jakarta,Purwakarta,ID,179233,4,76.3,0,0
Asia/Jakarta,Teluknaga,ID,175155,1,26.3,0,0
Asia/Jakarta,Cianjur,ID,174587,3,75.0,0,0
Asia/Jakarta,Pamulang,ID,174557,1,18.5,0,0
Asia/Jakarta,Cikupa,ID,174041,2,37.3,0,0
Asia/Jakarta,Ungaran,ID,171378,17,406.4,0,0
Asia/Jakarta,Plumbon,ID,167105,8,187.9,0,0
Asia/Jakarta,Banjaran,ID,164952,5,123.5,0,0
Asia/Jakarta,Blitar,ID,161204,26,623.5,0,0
Asia/Jakarta,Sunggal,ID,157914,51,1421.4,0,0
Asia/Jakarta,Perbaungan,ID,157174,50,1396.6,0,0
Asia/Jakarta,Astanajapura,ID,148047,9,207.8,0,0
Asia/Jakarta,Kisaran,ID,141915,46,1300.2,0,0
Asia/Jakarta,Mojokerto,ID,141785,25,632.5,0,0
Asia/Jakarta,Payakumbuh,ID,139576,36,959.2,0,0
Asia/Jakarta,Batang,ID,139492,16,428.0,0,0
Asia/Jakarta,Purwodadi,ID,139387,19,459.9,0,0
Asia/Jakarta,Sidoarjo,ID,139189,26,662.8,0,0
Asia/Jakarta,Weru,ID,139004,8,191.4,0,0
Asia/Jakarta,Subang,ID,137234,5,108.2,0,0
Asia/Jakarta,Rangkasbitung,ID,137041,3,67.8,0,0
Asia/Jakarta,Gunungsitoli,ID,136707,51,1321.4,0,0
Asia/Jakarta,Baturaja,ID,134759,15,376.5,0,0
Asia/Jakarta,Adiwerna,ID,134188,11,265.1,0,0
Asia/Jakarta,Garut,ID,131809,7,165.1,0,0
Asia/Jakarta,Parung,ID,128905,1,26.1,0,0
Asia/Jakarta,Magelang,ID,128709,17,397.7,0,0
Asia/Jakarta,Cikampek,ID,127173,3,71.2,0,0
Asia/Jakarta,Klaten,ID,126831,19,447.0,0,0
Asia/Jakarta,Jombang,ID,126465,25,612.9,0,0
Asia/Jakarta,Paseh,ID,126181,6,141.4,0,0
Asia/Jakarta,Lumajang,ID,123626,30,735.4,0,0
Asia/Jakarta,Indramayu,ID,123263,7,163.5,0,0
Asia/Jakarta,Bukittinggi,ID,121028,37,973.3,0,0
Asia/Jakarta,Sepatan,ID,118439,2,31.7,0,0
Asia/Jakarta,Banyuwangi,ID,117558,35,858.5,0,0
Asia/Jakarta,Tebingtinggi,ID,117530,48,1361.5,0,0
Asia/Jakarta,Kedungwuni,ID,117249,13,320.8,0,0
Asia/Jakarta,Soreang,ID,116780,5,117.5,0,0
Asia/Jakarta,Pamanukan,ID,114290,4,107.0,0,0
Asia/Jakarta,Lawang,ID,112540,27,670.2,0,0
Asia/Jakarta,Kuningan,ID,111742,9,199.7,0,0
Asia/Jakarta,Cileunyi,ID,111476,6,128.6,0,0
Asia/Jakarta,Kresek,ID,110182,2,52.3,0,0
Asia/Jakarta,Ciamis,ID,109839,9,207.4,0,0
Asia/Jakarta,Pelabuhanratu,ID,109523,3,91.9,0,0
Asia/Jakarta,Pati,ID,107028,18,467.1,0,0
Asia/Jakarta,Cikarang,ID,106479,2,34.4,0,0
Asia/Jakarta,Pare,ID,106007,25,615.5,0,0
Asia/Jakarta,Arjawinangun,ID,105845,8,179.4,0,0
Asia/Jakarta,Subulussalam,ID,105553,52,1401.6,0,0
Asia/Jakarta,Depok,ID,104527,18,431.6,0,0
Asia/Jakarta,Prabumulih,ID,103470,16,423.6,0,0
Asia/Jakarta,Tanjung Pandan,ID,103062,10,396.9,0,0
Asia/Jakarta,Rantauprapat,ID,103009,44,1208.6,0,0
Asia/Jakarta,Belawan,ID,102707,51,1433.6,0,0
Asia/Jakarta,Sungai Penuh,ID,102224,30,761.3,0,0
Asia/Jakarta,Sungailiat,ID,100750,11,491.4,0,0
Asia/Jakarta,Grogol,ID,100613,19,464.9,0,0
Asia/Jakarta,Sumedang Utara,ID,100000,6,137.9,0,0
Asia/Jakarta,Dukuhturi,ID,98074,11,258.7,0,0
Asia/Jakarta,Sumber,ID,96725,8,190.9,0,0
Asia/Jakarta,Wonosobo,ID,92990,15,360.8,0,0
Asia/Jakarta,Palimanan,ID,92600,8,182.9,0,0
Asia/Jakarta,Pamekasan,ID,92447,29,739.6,0,0
Asia/Jakarta,Pandeglang,ID,92316,4,82.3,0,0
Asia/Jakarta,Sibolga,ID,92244,47,1258.5,0,0
Asia/Jakarta,Pariaman,ID,92183,38,971.6,0,0
Asia/Jakarta,Kudus,ID,92156,18,446.2,0,0
Asia/Jakarta,Caringin,ID,91845,1,54.7,0,0
Asia/Jakarta,Cicurug,ID,88965,2,63.4,0,0
Asia/Jakarta,Kartasura,ID,88927,19,454.7,0,0
Asia/Jakarta,Klangenan,ID,88378,8,184.6,0,0
Asia/Jakarta,Wonosari,ID,87454,19,458.1,0,0
Asia/Jakarta,Bojonegoro,ID,86568,23,565.9,0,0
Asia/Jakarta,Bangkalan,ID,86250,26,657.1,0,0
Asia/Jakarta,Kasihan,ID,86234,18,424.2,0,0
Asia/Jakarta,Bangil,ID,85504,27,677.1,0,0
Asia/Jakarta,Sumenep,ID,84656,30,779.9,0,0
Asia/Jakarta,Margahayukencana,ID,83119,5,115.9,0,0
Asia/Jakarta,Muntilan,ID,81555,17,409.8,0,0
Asia/Jakarta,Kedungwaru,ID,80257,25,596.2,0,0
Asia/Jakarta,Serpong,ID,80193,1,23.0,0,0
Asia/Jakarta,Genteng,ID,79652,34,840.4,0,0
Asia/Jakarta,Gedangan,ID,79230,26,662.4,0,0
Asia/Jakarta,Ponorogo,ID,79026,22,541.7,0,0
Asia/Jakarta,Ciranjang-hilir,ID,77758,3,81.3,0,0
Asia/Jakarta,Tuban,ID,76242,23,581.6,0,0
Asia/Jakarta,Kebomas,ID,75982,26,647.9,0,0
Asia/Jakarta,Karangsembung,ID,75856,9,210.7,0,0
Asia/Jakarta,Tarub,ID,75739,11,268.6,0,0
Asia/Jakarta,Gresik,ID,73629,26,650.2,0,0
Asia/Jakarta,Sewon,ID,73585,18,429.5,0,0
Asia/Jakarta,Kabanjahe,ID,73581,51,1390.4,0,0
Asia/Jakarta,Solok,ID,73438,35,913.1,0,0
Asia/Jakarta,Majalengka,ID,73052,7,167.7,0,0
Asia/Jakarta,Jatibarang,ID,73010,7,165.0,0,0
Asia/Jakarta,Sragen,ID,71522,20,480.5,0,0
Asia/Jakarta,Pagar Alam,ID,70386,19,467.0,0,0
Asia/Jakarta,Mertoyudan,ID,69871,17,400.5,0,0
Asia/Jakarta,Bondowoso,ID,69783,32,792.6,0,0
Asia/Jakarta,Nganjuk,ID,69011,24,579.4,0,0
Asia/Jakarta,Melati,ID,67090,18,423.8,0,0
Asia/Jakarta,Sokaraja,ID,66482,13,303.1,0,0
Asia/Jakarta,Gamping Lor,ID,66110,18,422.5,0,0
Asia/Jakarta,Lahat,ID,65906,18,454.7,0,0
Asia/Jakarta,Tulungagung,ID,65262,24,594.7,0,0
Asia/Jakarta,Ambarawa,ID,65096,17,409.2,0,0
Asia/Jakarta,Meulaboh,ID,64646,62,1656.2,0,0
Asia/Jakarta,Muncar,ID,64537,35,861.9,0,0
Asia/Jakarta,Bantul,ID,64360,18,427.1,0,0
Asia/Jakarta,Tulangan Utara,ID,63889,26,656.0,0,0
Asia/Jakarta,Godean,ID,63164,17,418.1,0,0
Asia/Jakarta,Slawi,ID,61206,11,267.5,0,0
Asia/Jakarta,Pecangaan,ID,61046,17,430.5,0,0
Asia/Jakarta,Kertosono,ID,60782,24,599.7,0,0
Asia/Jakarta,Boyolali,ID,59851,18,439.2,0,0
Asia/Jakarta,Lamongan,ID,59224,25,623.5,0,0
Asia/Jakarta,Baki,ID,58909,19,461.7,0,0
Asia/Jakarta,Padangpanjang,ID,58627,37,959.5,0,0
Asia/Jakarta,Weleri,ID,58448,15,365.7,0,0
Asia/Jakarta,Jatiwangi,ID,57973,7,166.9,0,0
Asia/Jakarta,Baekrajan,ID,57920,18,447.2,0,0
Asia/Jakarta,Purbalingga,ID,56903,13,307.2,0,0
Asia/Jakarta,Balai Pungut,ID,56452,36,1017.1,0,0
Asia/Jakarta,Mendaha,ID,56268,23,681.4,0,0
Asia/Jakarta,Sleman,ID,56215,18,421.9,0,0
Asia/Jakarta,Pandak,ID,56043,18,424.8,0,0
Asia/Jakarta,Besuki,ID,55465,31,775.0,0,0
Asia/Jakarta,Wedi,ID,55300,19,445.8,0,0
Asia/Jakarta,Cepu,ID,55055,21,534.2,0,0
Asia/Jakarta,Sampang,ID,53269,28,714.4,0,0
Asia/Jakarta,Tanjungagung,ID,53117,17,421.3,0,0
Asia/Jakarta,Terbanggi Besar,ID,52566,9,233.4,0,0
Asia/Jakarta,Kepanjen,ID,51919,27,666.8,0,0
Asia/Jakarta,Blora,ID,51811,20,512.1,0,0
Asia/Jakarta,Comal,ID,51092,13,306.9,0,0
Asia/Jakarta,Gombong,ID,50950,14,332.8,0,0
Asia/Jakarta,Sidikalang,ID,50671,51,1375.1,0,0
Asia/Jakarta,Sangkapura,ID,50612,24,643.4,0,0
Asia/Jakarta,Kawalu,ID,50541,8,198.7,0,0
Asia/Jakarta,Jatiroto,ID,50059,21,506.6,0,0
Asia/Jakarta,Labuhan Deli,ID,49668,52,1446.0,0,0
Asia/Jakarta,Gampengrejo,ID,49118,24,598.1,0,0
Asia/Jakarta,Gatak,ID,48959,19,452.7,0,0
Asia/Jakarta,Tanjung Balai,ID,48953,27,887.7,0,0
Asia/Jakarta,Singaparna,ID,48882,8,188.5,0,0
Asia/Jakarta,Banyumas,ID,48378,13,306.6,0,0
Asia/Jakarta,Pameungpeuk,ID,48294,5,122.5,0,0
Asia/Jakarta,Berastagi,ID,48244,51,1396.9,0,0
Asia/Jakarta,Buduran,ID,48152,26,662.9,0,0
Asia/Jakarta,Bireun,ID,47670,62,1697.0,0,0
Asia/Jakarta,Balung,ID,47631,32,798.5,0,0
Asia/Jakarta,Karanganom,ID,47179,19,446.7,0,0
Asia/Jakarta,Singkil,ID,46800,52,1380.2,0,0
Asia/Jakarta,Curup,ID,46245,23,568.0,0,0
Asia/Jakarta,Candi Prambanan,ID,44925,18,437.4,0,0
Asia/Jakarta,Bambanglipuro,ID,44713,18,425.6,0,0
Asia/Jakarta,Ketanggungan,ID,44288,10,239.9,0,0
Asia/Jakarta,Rembangan,ID,44030,19,499.8,0,0
Asia/Jakarta,Gebog,ID,43756,17,445.6,0,0
Asia/Jakarta,Sabang,ID,43527,68,1857.1,0,0
Asia/Jakarta,Kencong,ID,43046,31,755.2,0,0
Asia/Jakarta,Panji,ID,42789,33,818.1,0,0
Asia/Jakarta,Indralaya,ID,42498,14,407.8,0,0
Asia/Jakarta,Baturaden,ID,42394,12,288.3,0,0
Asia/Jakarta,Kotabumi,ID,42366,11,266.6,0,0
Asia/Jakarta,Diwek,ID,41719,25,613.6,0,0
Asia/Jakarta,Reuleuet,ID,40393,63,1729.2,0,0
Asia/Jakarta,Juwana,ID,40177,19,479.0,0,0
Asia/Jakarta,Pekan Bahapal,ID,40000,48,1342.1,0,0
Asia/Jakarta,Rajapolah,ID,39840,8,185.9,0,0
Asia/Jakarta,Tarutung,ID,39500,47,1266.0,0,0
Asia/Jakarta,Wiradesa,ID,39407,13,315.5,0,0
Asia/Jakarta,Manggar,ID,39135,12,402.5,0,0
Asia/Jakarta,Majenang,ID,38897,10,243.7,0,0
Asia/Jakarta,Buaran,ID,38770,13,312.9,0,0
Asia/Jakarta,Krian,ID,38603,26,646.9,0,0
Asia/Jakarta,Wonopringgo,ID,38429,13,317.8,0,0
Asia/Jakarta,Jekulo,ID,37521,18,455.6,0,0
Asia/Jakarta,Karangnongko,ID,37420,19,448.8,0,0
Asia/Jakarta,Simpang,ID,36652,20,629.2,0,0
Asia/Jakarta,Srono,ID,36260,35,853.8,0,0
Asia/Jakarta,Kualakapuas,ID,35632,37,908.7,0,0
Asia/Jakarta,Wangon,ID,35530,12,283.5,0,0
Asia/Jakarta,Sumberpucung,ID,35285,27,658.4,0,0
Asia/Jakarta,Pangururan,ID,34209,49,1334.6,0,0
Asia/Jakarta,Pandaan,ID,34184,27,664.4,0,0
Asia/Jakarta,Kuala Tungkal,ID,33683,24,708.0,0,0
Asia/Jakarta,Lebaksiu,ID,33606,11,270.4,0,0
Asia/Jakarta,Labuan,ID,33576,5,113.7,0,0
Asia/Jakarta,Mlonggo,ID,33542,17,427.5,0,0
Asia/Jakarta,Tanggulangin,ID,32866,26,662.0,0,0
Asia/Jakarta,Jaten,ID,32378,19,472.3,0,0
Asia/Jakarta,Boyolangu,ID,32287,25,595.8,0,0
Asia/Jakarta,Bandar,ID,31442,44,1210.4,0,0
Asia/Jakarta,Kutoarjo,ID,31352,16,377.5,0,0
Asia/Jakarta,Karangampel,ID,31234,7,179.7,0,0
Asia/Jakarta,Panarukan,ID,30749,32,798.0,0,0
Asia/Jakarta,Sidareja,ID,30313,11,257.2,0,0
Asia/Jakarta,Pakisaji,ID,30213,27,667.3,0,0
Asia/Jakarta,Selogiri,ID,30180,20,476.9,0,0
Asia/Jakarta,Srandakan,ID,29529,18,421.8,0,0
Asia/Jakarta,Singojuruh,ID,29418,34,847.7,0,0
Asia/Jakarta,Wongsorejo,ID,29193,34,856.7,0,0
Asia/Jakarta,Trenggalek,ID,29083,24,574.9,0,0
Asia/Jakarta,Lasem,ID,28948,20,511.9,0,0
Asia/Jakarta,Utan,ID,28745,1,12.0,0,0
Asia/Jakarta,Ceper,ID,28646,19,453.2,0,0
Asia/Jakarta,Randudongkal,ID,28532,12,290.9,0,0
Asia/Jakarta,Balapulang,ID,28483,11,265.8,0,0
Asia/Jakarta,Kraksaan,ID,28248,30,743.1,0,0
Asia/Jakarta,Jogonalan,ID,28114,18,439.7,0,0
Asia/Jakarta,Mranggen,ID,28026,17,415.4,0,0
Asia/Jakarta,Deli Tua,ID,27940,51,1410.6,0,0
Asia/Jakarta,Margasari,ID,27814,11,259.9,0,0
Asia/Jakarta,Sijunjung,ID,27786,34,894.3,0,0
Asia/Jakarta,Bulakamba,ID,27367,10,244.5,0,0
Asia/Jakarta,Demak,ID,27251,17,425.9,0,0
Asia/Jakarta,Paciran,ID,27072,24,615.4,0,0
Asia/Jakarta,Babat,ID,27038,24,595.8,0,0
Asia/Jakarta,Stabat,ID,26862,52,1446.5,0,0
Asia/Jakarta,Driyorejo,ID,26827,26,650.5,0,0
Asia/Jakarta,Muntok,ID,26709,15,497.5,0,0
Asia/Jakarta,Tayu,ID,26413,18,466.3,0,0
Asia/Jakarta,Ngunut,ID,26297,25,608.0,0,0
Asia/Jakarta,Colomadu,ID,26274,19,455.3,0,0
Asia/Jakarta,Wanaraja,ID,26240,7,164.7,0,0
Asia/Jakarta,Welahan,ID,26163,17,432.6,0,0
Asia/Jakarta,Teluk Dalam,ID,25780,49,1255.7,0,0
Asia/Jakarta,Pangkalan Brandan,ID,25542,53,1483.5,0,0
Asia/Jakarta,Soko,ID,25494,25,632.2,0,0
Asia/Jakarta,Teluk Nibung,ID,25146,45,1288.1,0,0
Asia/Jakarta,Tanjungtiram,ID,25118,53,1480.2,0,0
Asia/Jakarta,Lahewa,ID,24485,53,1367.5,0,0
Asia/Jakarta,Delanggu,ID,24440,19,451.4,0,0
Asia/Jakarta,Prigen,ID,24164,27,657.6,0,0
Asia/Jakarta,Blangpidie,ID,24085,59,1568.5,0,0
Asia/Jakarta,Pundong,ID,24081,18,432.2,0,0
Asia/Jakarta,Kalianget,ID,23897,31,789.4,0,0
Asia/Jakarta,Ngemplak,ID,23750,19,452.4,0,0
Asia/Jakarta,Trucuk,ID,23584,19,452.9,0,0
Asia/Jakarta,Mojoagung,ID,23534,25,626.0,0,0
Asia/Jakarta,Kroya,ID,23255,13,308.4,0,0
Asia/Jakarta,Dampit,ID,23094,28,688.1,0,0
Asia/Jakarta,Ngoro,ID,22871,25,619.4,0,0
Asia/Jakarta,Gambiran Satu,ID,22525,34,840.9,0,0
Asia/Jakarta,Kamal,ID,22515,26,657.3,0,0
Asia/Jakarta,Gongdanglegi Kulon,ID,22468,28,675.0,0,0
Asia/Jakarta,Ngawi,ID,22412,21,524.9,0,0
Asia/Jakarta,Kebonarun,ID,21745,18,442.4,0,0
Asia/Jakarta,Muara Bungo,ID,21243,28,742.4,0,0
Asia/Jakarta,Barus,ID,18346,49,1310.0,0,0
Asia/Jakarta,Sigli,ID,17504,65,1767.3,0,0
Asia/Jakarta,Paropo,ID,16065,50,1368.9,0,0
Asia/Jakarta,Tongging,ID,16000,50,1371.4,0,0
Asia/Jakarta,Leuwiliang,ID,15275,5,123.8,0,0
Asia/Makassar,Makassar,ID,1474393,0,0.0,0,0
Asia/Makassar,Samarinda,ID,865306,18,576.7,0,0
Asia/Makassar,Balikpapan,ID,695287,18,519.4,0,0
Asia/Makassar,Denpasar,ID,670210,24,606.7,0,0
Asia/Makassar,Banjarmasin,ID,657663,23,574.0,0,0
Asia/Makassar,Kupang,ID,474801,28,723.5,0,0
Asia/Makassar,Manado,ID,458582,34,951.7,0,0
Asia/Makassar,Mataram,ID,441147,21,528.9,0,0
Asia/Makassar,Palu,ID,389959,10,474.0,0,0
Asia/Makassar,Kendari,ID,351085,15,365.7,0,0
Asia/Makassar,Banjarbaru,ID,293332,22,543.8,0,0
Asia/Makassar,Tarakan,ID,255310,23,962.9,0,0
Asia/Makassar,Toli-Toli,ID,242783,17,705.2,0,0
Asia/Makassar,Bitung,ID,225134,35,968.1,0,0
Asia/Makassar,Klungkung,ID,223720,23,582.9,0,0
Asia/Makassar,Loa Janan,ID,212816,18,570.1,0,0
Asia/Makassar,Gorontalo,ID,205390,26,749.9,0,0
Asia/Makassar,Bontang,ID,194606,18,625.7,0,0
Asia/Makassar,Labuan Bajo,ID,188724,9,375.6,0,0
Asia/Makassar,Palopo,ID,184961,8,254.3,0,0
Asia/Makassar,Bima,ID,165113,10,376.4,0,0
Asia/Makassar,Baubau,ID,161280,14,352.8,0,0
Asia/Makassar,Parepare,ID,160309,3,128.0,0,0
Asia/Makassar,Watampone,ID,149336,5,120.2,0,0
Asia/Makassar,Nusantara,ID,147430,19,554.1,0,0
Asia/Makassar,Singaraja,ID,133784,24,582.0,0,0
Asia/Makassar,Martapura,ID,131449,22,542.1,0,0
Asia/Makassar,Sukawati,ID,125470,25,610.4,0,0
Asia/Makassar,Kotamobagu,ID,121756,31,850.2,0,0
Asia/Makassar,Negara,ID,100074,26,640.2,0,0
Asia/Makassar,Selong,ID,92464,19,504.1,0,0
Asia/Makassar,Banjar,ID,89040,24,597.8,0,0
Asia/Makassar,Maumere,ID,87720,19,493.0,0,0
Asia/Makassar,Ende,ID,87269,17,478.9,0,0
Asia/Makassar,Galesong,ID,83050,1,20.1,0,0
Asia/Makassar,Atambua,ID,82196,30,746.0,0,0
Asia/Makassar,Ubud,ID,74800,24,592.6,0,0
Asia/Makassar,Majene,ID,73883,5,186.0,0,0
Asia/Makassar,Raha,ID,69980,14,366.0,0,0
Asia/Makassar,Tanjung Selor,ID,67837,23,917.2,0,0
Asia/Makassar,Nunukan,ID,67006,24,1051.5,0,0
Asia/Makassar,Polewali,ID,65800,4,191.1,0,0
Asia/Makassar,Sumbawa Besar,ID,62753,15,433.2,0,0
Asia/Makassar,Sengkang,ID,59523,5,131.4,0,0
Asia/Makassar,Barabai,ID,55956,21,532.0,0,0
Asia/Makassar,Amuntai,ID,55560,22,554.5,0,0
Asia/Makassar,Taliwang,ID,55340,18,490.8,0,0
Asia/Makassar,Dompu,ID,54987,11,391.6,0,0
Asia/Makassar,Kefamenanu,ID,48202,30,733.5,0,0
Asia/Makassar,Luwuk,ID,47778,22,597.1,0,0
Asia/Makassar,Poso,ID,47477,13,442.3,0,0
Asia/Makassar,Ruteng,ID,41533,12,401.6,0,0
Asia/Makassar,Sinjai,ID,40797,4,91.0,0,0
Asia/Makassar,Rantepao,ID,40438,7,247.7,0,0
Asia/Makassar,Soe,ID,40190,30,748.7,0,0
Asia/Makassar,Benoa,ID,39570,25,614.0,0,0
Asia/Makassar,Masamba,ID,38024,9,305.2,0,0
Asia/Makassar,Tanjung,ID,37291,22,555.9,0,0
Asia/Makassar,Waingapu,ID,35932,13,509.6,0,0
Asia/Makassar,Tambolaka,ID,35790,10,476.4,0,0
Asia/Makassar,Tahuna,ID,35307,41,1183.6,0,0
Asia/Makassar,Praya,ID,35183,20,527.4,0,0
Asia/Makassar,Tabanan,ID,33667,25,606.9,0,0
Asia/Makassar,Tondano,ID,33317,34,941.1,0,0
Asia/Makassar,Katobu,ID,31929,14,366.6,0,0
Asia/Makassar,Amlapura,ID,31869,22,558.7,0,0
Asia/Makassar,Amlapura city,ID,31869,22,559.5,0,0
Asia/Makassar,Airmadidi,ID,31446,35,956.2,0,0
Asia/Makassar,Dalung,ID,30228,25,608.9,0,0
Asia/Makassar,Lewoleba,ID,30151,23,567.6,0,0
Asia/Makassar,Kuta,ID,30012,25,615.6,0,0
Asia/Makassar,Maros,ID,30000,1,22.2,0,0
Asia/Makassar,Batubulan,ID,28131,24,601.0,0,0
Asia/Makassar,Tomohon,ID,27624,34,934.3,0,0
Asia/Makassar,Malinau,ID,25596,28,1020.4,0,0
Asia/Makassar,Bungku,ID,25477,16,403.8,0,0
Asia/Makassar,Seririt,ID,25000,25,600.6,0,0
Asia/Makassar,Tuban,ID,22947,25,617.0,0,0
Asia/Makassar,Bedugul,ID,20000,23,560.8,0,0
Asia/Makassar,Kalabahi,ID,19210,27,659.7,0,0
Asia/Jayapura,Jayapura,ID,410852,0,0.0,0,0
Asia/Jayapura,Ambon,ID,347288,53,1397.7,0,0
Asia/Jayapura,Sorong,ID,219958,41,1067.1,0,0
Asia/Jayapura,Ternate,ID,210836,60,1527.7,0,0
Asia/Jayapura,Timika,ID,142909,20,504.6,0,0
Asia/Jayapura,Manokwari,ID,132300,30,762.5,0,0
Asia/Jayapura,Merauke,ID,116864,13,664.3,0,0
Asia/Jayapura,Nabire,ID,99848,23,586.6,0,0
Asia/Jayapura,Tual,ID,90470,38,948.1,0,0
Asia/Jayapura,Wamena,ID,66080,10,262.3,0,0
Asia/Jayapura,Abepura,ID,62248,1,11.8,0,0
Asia/Jayapura,Dobo,ID,52104,32,803.6,0,0
Asia/Jayapura,Amahai,ID,50478,49,1313.2,0,0
Asia/Jayapura,Sentani,ID,44779,1,23.2,0,0
Asia/Jayapura,Biak,ID,41731,21,536.9,0,0
Asia/Jayapura,Namlea,ID,37869,56,1515.3,0,0
Asia/Jayapura,Masohi,ID,36433,49,1307.5,0,0
Asia/Jayapura,Mulia,ID,35884,14,330.6,0,0
Asia/Jayapura,Tobelo,ID,34150,59,1490.1,0,0
Asia/Jayapura,Sanana,ID,29716,60,1638.6,0,0
Asia/Jayapura,Kawasi,ID,29642,55,1482.9,0,0
Asia/Jayapura,Sofifi,ID,27591,59,1507.4,0,0
Asia/Jayapura,Bintuni,ID,24742,30,800.6,0,0
Asia/Jayapura,Agats,ID,23869,16,440.7,0,0
Asia/Jayapura,Daruba,ID,23566,58,1472.2,0,0
Asia/Jayapura,Waisai,ID,22541,45,1163.4,0,0
Asia/Jayapura,Namrole,ID,21513,59,1560.2,0,0
Asia/Jayapura,Tiom,ID,21324,12,295.0,0,0
Asia/Jayapura,Teminabuan,ID,19491,37,974.8,0,0
Asia/Jayapura,Fakfak,ID,18900,35,936.2,0,0
Asia/Jayapura,Ransiki,ID,16245,28,736.4,0,0
Asia/Pontianak,Pontianak,ID,686019,0,0.0,0,0
Asia/Pontianak,Palangkaraya,ID,318247,23,564.9,0,0
Asia/Pontianak,Singkawang,ID,253812,4,111.3,0,0
Asia/Pontianak,Sampit,ID,166773,19,489.5,0,0
Asia/Pontianak,Pangkalanbuun,ID,108814,14,390.3,0,0
Asia/Pontianak,Sintang,ID,85000,9,242.1,0,0
Asia/Pontianak,Pemangkat,ID,54259,4,139.1,0,0
Asia/Pontianak,Sungai Raya,ID,47735,3,94.1,0,0
Asia/Pontianak,Muara Teweh,ID,46652,24,627.8,0,0
Asia/Pontianak,Bengkayang,ID,33385,3,96.8,0,0
Asia/Pontianak,Manismata,ID,18888,12,330.7,0,0
Asia/Ho_Chi_Minh,Kota Sambas,ID,57295,30,1092.5,0,0
Asia/Jerusalem,Battir,PS,56746,1,12.2,0,0
Asia/Jerusalem,Ma‘ale Adummim,PS,38193,1,7.8,0,0
Asia/Baghdad,Baghdad,IQ,7216000,0,0.0,0,0
Asia/Baghdad,Al Mawşil al Jadīdah,IQ,2065597,14,353.1,0,0
Asia/Baghdad,Mosul,IQ,1683000,14,352.9,0,0
Asia/Baghdad,Erbil,IQ,1612700,10,319.0,0,0
Asia/Baghdad,Basrah,IQ,1326564,22,448.2,0,0
Asia/Baghdad,Karbala,IQ,1218732,4,87.9,0,0
Asia/Baghdad,Sadr City,IQ,1211849,1,7.6,0,0
Asia/Baghdad,Kirkuk,IQ,1031000,6,236.6,0,0
Asia/Baghdad,Abū Ghurayb,IQ,900000,1,20.5,0,0
Asia/Baghdad,Sulaymaniyah,IQ,878146,10,264.8,0,0
Asia/Baghdad,Nasiriyah,IQ,558400,14,308.1,0,0
Asia/Baghdad,Najaf,IQ,482576,4,146.3,0,0
Asia/Baghdad,Al Hillah,IQ,455700,3,97.5,0,0
Asia/Baghdad,Abū al-Kahṣīb,IQ,357771,23,459.9,0,0
Asia/Baghdad,Al Maḩmūdīyah,IQ,350000,1,31.1,0,0
Asia/Baghdad,Dihok,IQ,340900,16,412.5,0,0
Asia/Baghdad,Al ‘Amārah,IQ,323302,16,306.7,0,0
Asia/Baghdad,Al Diwaniyah,IQ,318801,6,157.7,0,0
Asia/Baghdad,Al-Kut,IQ,315162,8,161.2,0,0
Asia/Baghdad,Al Madīnah,IQ,255000,19,377.9,0,0
Asia/Baghdad,Kelar,IQ,250000,7,166.3,0,0
Asia/Baghdad,Ramadi,IQ,223500,5,101.9,0,0
Asia/Baghdad,Al Fallūjah,IQ,190159,3,57.1,0,0
Asia/Baghdad,Ash Shaţrah,IQ,182175,13,271.7,0,0
Asia/Baghdad,Khānaqīn,IQ,175000,7,144.6,0,0
Asia/Baghdad,Bayjī,IQ,173677,8,195.6,0,0
Asia/Baghdad,Ash Sharqāt,IQ,160000,11,264.9,0,0
Asia/Baghdad,Sāmarrā’,IQ,158508,5,106.4,0,0
Asia/Baghdad,Al Miqdādīyah,IQ,155968,4,86.6,0,0
Asia/Baghdad,As Samawah,IQ,152890,10,238.6,0,0
Asia/Baghdad,Baqubah,IQ,152550,2,49.7,0,0
Asia/Baghdad,Sumayl,IQ,152512,17,415.9,0,0
Asia/Baghdad,Simele,IQ,152512,17,415.8,0,0
Asia/Baghdad,Mostafa,IQ,150000,16,317.3,0,0
Asia/Baghdad,Xebat,IQ,148047,12,333.4,0,0
Asia/Baghdad,Khasnahzān,IQ,146639,9,318.9,0,0
Asia/Baghdad,Qeładizê,IQ,140688,10,323.0,0,0
Asia/Baghdad,Al Hindīyah,IQ,139578,3,90.3,0,0
Asia/Baghdad,Al Qurnah,IQ,134174,19,385.1,0,0
Asia/Baghdad,Baḥarkah,IQ,130518,10,332.5,0,0
Asia/Baghdad,Sīnah,IQ,128776,16,405.0,0,0
Asia/Baghdad,Az Zubayr,IQ,122676,22,452.3,0,0
Asia/Baghdad,Ţūz Khūrmātū,IQ,120712,5,173.4,0,0
Asia/Baghdad,Rānyah,IQ,114173,10,327.0,0,0
Asia/Baghdad,Qal‘at Sukkar,IQ,110000,11,227.0,0,0
Asia/Baghdad,An Nu‘mānīyah,IQ,110000,7,128.5,0,0
Asia/Baghdad,Kufa,IQ,110000,4,143.4,0,0
Asia/Baghdad,Abu Gharaq,IQ,108212,3,90.6,0,0
Asia/Baghdad,Umm Qaşr,IQ,107620,24,495.8,0,0
Asia/Baghdad,'Ākra,IQ,105370,12,380.2,0,0
Asia/Baghdad,Al Fāw,IQ,104569,27,537.2,0,0
Asia/Baghdad,Al-Musayab,IQ,101873,3,63.3,0,0
Asia/Baghdad,Nāḩiyat al Iskandarīyah,IQ,100600,2,50.7,0,0
Asia/Baghdad,Zaxo,IQ,95052,18,451.2,0,0
Asia/Baghdad,Al-Qāsim,IQ,93546,4,118.9,0,0
Asia/Baghdad,Al Hārithah,IQ,92395,22,440.8,0,0
Asia/Baghdad,Soran,IQ,91589,9,368.8,0,0
Asia/Baghdad,Hajiawa,IQ,80000,9,323.9,0,0
Asia/Baghdad,Al Ḩayy,IQ,78272,10,201.0,0,0
Asia/Baghdad,Aş Şuwayrah,IQ,77200,3,57.9,0,0
Asia/Baghdad,Al Qā’im,IQ,74100,17,336.0,0,0
Asia/Baghdad,Khāliş,IQ,70046,2,53.4,0,0
Asia/Baghdad,Ash Shāmīyah,IQ,57661,5,154.4,0,0
Asia/Baghdad,Halabja,IQ,57333,11,250.9,0,0
Asia/Baghdad,Derbendîxan,IQ,54896,10,229.7,0,0
Asia/Baghdad,Al-Hamdaniya,IQ,50000,13,339.0,0,0
Asia/Baghdad,Shelādiz,IQ,50000,13,414.4,0,0
Asia/Baghdad,Ar Rumaythah,IQ,47248,9,215.1,0,0
Asia/Baghdad,Koysinceq,IQ,44987,8,305.6,0,0
Asia/Baghdad,Al ‘Azīzīyah,IQ,44751,4,78.1,0,0
Asia/Baghdad,Dêrelûk Devera Nihêliya,IQ,44448,14,418.7,0,0
Asia/Baghdad,Jamjamāl,IQ,42593,8,247.1,0,0
Asia/Baghdad,Tikrīt,IQ,42477,7,156.7,0,0
Asia/Baghdad,Balad,IQ,42088,3,78.6,0,0
Asia/Baghdad,Qal‘at Şāliḩ,IQ,39698,17,338.1,0,0
Asia/Baghdad,Pīrmām,IQ,38686,10,339.1,0,0
Asia/Baghdad,Sinjār,IQ,38294,19,403.6,0,0
Asia/Baghdad,Saddat al Hindīyah,IQ,35720,3,70.4,0,0
Asia/Baghdad,‘Afak,IQ,35536,7,162.5,0,0
Asia/Baghdad,Shaqlāwah,IQ,32599,9,340.7,0,0
Asia/Baghdad,Ḩarir,IQ,32171,10,357.0,0,0
Asia/Baghdad,Hīt,IQ,31901,8,149.6,0,0
Asia/Baghdad,Al Maḩāwīl,IQ,31200,2,75.5,0,0
Asia/Baghdad,Ḩadīthah,IQ,30925,11,207.0,0,0
Asia/Baghdad,Nahiyat Ghammas,IQ,30909,6,178.8,0,0
Asia/Baghdad,Kifrī,IQ,30143,6,158.6,0,0
Asia/Baghdad,Shūrash,IQ,29960,8,245.2,0,0
Asia/Baghdad,Mandalī,IQ,29785,6,116.2,0,0
Asia/Baghdad,Batifa,IQ,28000,17,444.6,0,0
Asia/Baghdad,Baynjiwayn,IQ,27116,12,290.5,0,0
Asia/Baghdad,‘Anah,IQ,27000,13,250.9,0,0
Asia/Baghdad,Ad Dujayl,IQ,26362,2,58.3,0,0
Asia/Baghdad,Al-'Alam,IQ,25662,7,165.5,0,0
Asia/Baghdad,Tallkayf,IQ,23524,14,369.2,0,0
Asia/Baghdad,Al Mishkhāb,IQ,23189,5,171.0,0,0
Asia/Baghdad,‘Aqrah,IQ,23000,12,383.0,0,0
Asia/Baghdad,Ṟuwandiz,IQ,22943,9,363.9,0,0
Asia/Baghdad,Şafwān,IQ,22929,23,476.2,0,0
Asia/Baghdad,Nāḩiyat ash Shināfīyah,IQ,22643,6,196.7,0,0
Asia/Baghdad,Ar Ruţbah,IQ,22370,18,384.4,0,0
Asia/Baghdad,Tāzah Khūrmātū,IQ,21788,6,218.2,0,0
Asia/Baghdad,Nāḩiyat al Fuhūd,IQ,21551,17,342.4,0,0
Asia/Baghdad,Habhab,IQ,21373,2,50.3,0,0
Asia/Baghdad,Khalīfān,IQ,19891,10,363.4,0,0
Asia/Baghdad,‘Anat al Qadīmah,IQ,19719,13,259.3,0,0
Asia/Baghdad,‘Alī al Gharbī,IQ,19711,12,234.8,0,0
Asia/Tehran,Tehran,IR,7153309,0,0.0,0,0
Asia/Tehran,Mashhad,IR,2307177,35,739.1,0,0
Asia/Tehran,Isfahan,IR,1547164,10,339.0,0,0
Asia/Tehran,Karaj,IR,1448075,2,41.7,0,0
Asia/Tehran,Tabriz,IR,1424641,28,527.6,0,0
Asia/Tehran,Shiraz,IR,1249942,21,684.4,0,0
Asia/Tehran,Qom,IR,900000,5,127.3,0,0
Asia/Tehran,Ahvaz,IR,841145,23,548.7,0,0
Asia/Tehran,Kermanshah,IR,621100,21,425.4,0,0
Asia/Tehran,Rasht,IR,594590,12,240.4,0,0
Asia/Tehran,Kerman,IR,577514,38,799.9,0,0
Asia/Tehran,Orūmīyeh,IR,577307,31,602.6,0,0
Asia/Tehran,Zahedan,IR,551980,55,1120.3,0,0
Asia/Tehran,Hamadān,IR,528256,14,282.1,0,0
Asia/Tehran,Arāk,IR,503647,11,237.3,0,0
Asia/Tehran,Yazd,IR,477905,23,502.3,0,0
Asia/Tehran,Eslamshahr,IR,450000,2,23.1,0,0
Asia/Tehran,Ardabīl,IR,410753,20,397.4,0,0
Asia/Tehran,Zanjan,IR,357471,15,284.3,0,0
Asia/Tehran,Bandar Abbas,IR,352173,42,1052.0,0,0
Asia/Tehran,Sanandaj,IR,349176,19,402.5,0,0
Asia/Tehran,Qazvin,IR,333635,8,142.6,0,0
Asia/Tehran,Khorramshahr,IR,330606,27,657.3,0,0
Asia/Tehran,Khorramabad,IR,329825,18,372.7,0,0
Asia/Tehran,Shahrīār,IR,309607,2,33.1,0,0
Asia/Tehran,Qods,IR,309605,2,28.4,0,0
Asia/Tehran,Kashan,IR,304487,5,190.4,0,0
Asia/Tehran,Kāshān,IR,304487,5,188.2,0,0
Asia/Tehran,Khomeynī Shahr,IR,277334,9,334.7,0,0
Asia/Tehran,Dezful,IR,264709,21,461.4,0,0
Asia/Tehran,Marāgheh,IR,262604,26,499.9,0,0
Asia/Tehran,Marāgheh,IR,262604,34,740.9,0,0
Asia/Tehran,Sari,IR,255396,9,176.0,0,0
Asia/Tehran,Borūjerd,IR,251958,16,315.2,0,0
Asia/Tehran,Qarchak,IR,251834,2,32.7,0,0
Asia/Tehran,Gorgān,IR,244937,15,299.5,0,0
Asia/Tehran,Sabzevar,IR,243700,27,566.3,0,0
Asia/Tehran,Golestān,IR,240000,2,29.2,0,0
Asia/Tehran,Āmol,IR,237528,6,120.0,0,0
Asia/Tehran,Pākdasht,IR,236319,2,33.7,0,0
Asia/Tehran,Najafābād,IR,235281,9,340.3,0,0
Asia/Tehran,Abadan,IR,231476,26,662.5,0,0
Asia/Tehran,Varāmīn,IR,225628,2,45.9,0,0
Asia/Tehran,Neyshābūr,IR,220929,31,666.1,0,0
Asia/Tehran,Sāveh,IR,220762,6,122.2,0,0
Asia/Tehran,Naz̧arābād,IR,213388,4,79.0,0,0
Asia/Tehran,Qā’em Shahr,IR,204953,8,155.8,0,0
Asia/Tehran,Bābol,IR,202796,8,147.7,0,0
Asia/Tehran,Nasīm Shahr,IR,200393,2,27.4,0,0
Asia/Tehran,Nasimshahr,IR,200393,2,27.8,0,0
Asia/Tehran,Sirjan,IR,199704,34,800.5,0,0
Asia/Tehran,Khūy,IR,198845,34,655.4,0,0
Asia/Tehran,Bīrjand,IR,196982,40,782.3,0,0
Asia/Tehran,Būkān,IR,193501,23,477.1,0,0
Asia/Tehran,Bojnūrd,IR,192041,29,563.3,0,0
Asia/Tehran,Fardīs,IR,181174,2,38.9,0,0
Asia/Tehran,Shāhīn Shahr,IR,173329,9,315.6,0,0
Asia/Tehran,Malāyer,IR,170237,14,282.9,0,0
Asia/Tehran,Piranshahr,IR,168393,28,574.4,0,0
Asia/Tehran,Mahābād,IR,168393,26,524.8,0,0
Asia/Tehran,Bushehr,IR,165377,20,749.9,0,0
Asia/Tehran,Saqqez,IR,165258,22,467.3,0,0
Asia/Tehran,Shahrud,IR,165000,16,329.5,0,0
Asia/Tehran,Bandar-e Māhshahr,IR,162797,22,607.9,0,0
Asia/Tehran,Gonbad-e Kāvūs,IR,151910,20,376.9,0,0
Asia/Tehran,Marvdasht,IR,148858,22,659.9,0,0
Asia/Tehran,Rafsanjān,IR,147680,33,725.9,0,0
Asia/Tehran,Kamālshahr,IR,141669,3,52.8,0,0
Asia/Tehran,Jahrom,IR,141634,28,824.9,0,0
Asia/Tehran,Īlām,IR,140940,26,511.1,0,0
Asia/Tehran,Torbat-e Ḩeydarīyeh,IR,140019,33,707.4,0,0
Asia/Tehran,Marīvān,IR,136654,22,473.9,0,0
Asia/Tehran,Andīmeshk,IR,135116,21,457.2,0,0
Asia/Tehran,Shahreẕā,IR,134952,12,411.9,0,0
Asia/Tehran,Mīāndoāb,IR,134425,25,496.3,0,0
Asia/Tehran,Kāshmar,IR,131517,30,639.8,0,0
Asia/Tehran,Iranshahr,IR,131232,60,1288.5,0,0
Asia/Tehran,Jīroft,IR,130429,44,980.4,0,0
Asia/Tehran,Shahr-e Kord,IR,129153,11,378.1,0,0
Asia/Tehran,Semnan,IR,124826,9,178.6,0,0
Asia/Tehran,Marand,IR,124191,31,586.1,0,0
Asia/Tehran,Behbahān,IR,122604,18,577.5,0,0
Asia/Tehran,Shahr-e Ṣadrā,IR,122226,21,663.2,0,0
Asia/Tehran,Zābol,IR,121989,53,1068.8,0,0
Asia/Tehran,Dorūd,IR,121638,15,326.5,0,0
Asia/Tehran,Moḩammad Shahr,IR,119418,3,46.2,0,0
Asia/Tehran,Īz̄eh,IR,119399,16,453.0,0,0
Asia/Tehran,Bandar-e Anzalī,IR,118564,13,264.3,0,0
Asia/Tehran,Shahre Jadide Andisheh,IR,116062,2,36.4,0,0
Asia/Tehran,Andīsheh,IR,116062,1,14.3,0,0
Asia/Tehran,Pardīs,IR,114249,2,35.8,0,0
Asia/Tehran,Kāzerūn,IR,112360,18,675.9,0,0
Asia/Tehran,Qūchān,IR,111752,32,653.3,0,0
Asia/Tehran,Borāzjān,IR,110567,17,714.6,0,0
Asia/Tehran,Bāneh,IR,110218,23,500.1,0,0
Asia/Tehran,Chālūs,IR,107490,3,106.8,0,0
Asia/Tehran,Bahārestān,IR,106433,11,358.0,0,0
Asia/Tehran,Mīāneh,IR,106291,20,382.7,0,0
Asia/Tehran,Robāţ Karīm,IR,105393,2,38.5,0,0
Asia/Tehran,Pārsābād,IR,102996,26,536.9,0,0
Asia/Tehran,Shūshtar,IR,101878,20,469.7,0,0
Asia/Tehran,Lāhījān,IR,101073,10,210.1,0,0
Asia/Tehran,Ahar,IR,100641,26,494.6,0,0
Asia/Tehran,Masjed Soleymān,IR,100497,18,461.4,0,0
Asia/Tehran,Shahrak-e Pardīsān,IR,100000,6,138.4,0,0
Asia/Tehran,Bam,IR,99268,46,979.5,0,0
Asia/Tehran,Fasā,IR,98061,27,779.8,0,0
Asia/Tehran,Mīnāb,IR,97986,46,1093.0,0,0
Asia/Tehran,Parand,IR,97464,3,47.3,0,0
Asia/Tehran,Yasuj,IR,96786,15,559.1,0,0
Asia/Tehran,Dogonbadan,IR,96728,16,596.1,0,0
Asia/Tehran,Behshahr,IR,94702,12,221.1,0,0
Asia/Tehran,Eslāmābād-e Gharb,IR,90559,24,479.6,0,0
Asia/Tehran,Moḩammadīyeh,IR,90513,7,126.1,0,0
Asia/Tehran,Alvand,IR,90000,7,134.0,0,0
Asia/Tehran,Alīgūdarz,IR,89268,13,299.9,0,0
Asia/Tehran,Kūhdasht,IR,89091,21,423.5,0,0
Asia/Tehran,Fūlād Shahr,IR,88426,9,356.7,0,0
Asia/Tehran,Qorveh,IR,87953,16,332.8,0,0
Asia/Tehran,Tajrīsh,IR,86000,1,12.2,0,0
Asia/Tehran,Mehestan,IR,85200,4,69.2,0,0
Asia/Tehran,Bāghestān,IR,83934,2,26.5,0,0
Asia/Tehran,Shīrvān,IR,82790,31,611.3,0,0
Asia/Tehran,Sahand,IR,82494,28,535.1,0,0
Asia/Tehran,Salmās,IR,81606,34,653.5,0,0
Asia/Tehran,Naqadeh,IR,81598,28,558.3,0,0
Asia/Tehran,Bonāb,IR,80359,26,513.1,0,0
Asia/Tehran,Būmahen,IR,79034,2,40.6,0,0
Asia/Tehran,Bandar-e Emam Khomeyni,IR,78353,23,623.2,0,0
Asia/Tehran,Khomeyn,IR,77425,11,259.4,0,0
Asia/Tehran,Shūsh,IR,77148,22,487.2,0,0
Asia/Tehran,Nahāvand,IR,76250,16,324.1,0,0
Asia/Tehran,Rāmhormoz,IR,74285,19,519.0,0,0
Asia/Tehran,Meshgīn Shahr,IR,74109,23,447.8,0,0
Asia/Tehran,Tākestān,IR,71499,8,161.0,0,0
Asia/Tehran,Dārāb,IR,70232,31,825.7,0,0
Asia/Tehran,Abhar,IR,69889,10,204.7,0,0
Asia/Tehran,Khāsh,IR,69603,59,1241.4,0,0
Asia/Tehran,Mobārakeh,IR,69449,10,372.4,0,0
Asia/Tehran,Langarūd,IR,68148,10,201.8,0,0
Asia/Tehran,Dāmghān,IR,67694,13,268.2,0,0
Asia/Tehran,Omīdīyeh,IR,67427,20,571.2,0,0
Asia/Tehran,Nūrābād,IR,65547,18,362.5,0,0
Asia/Tehran,Fīrūzābād,IR,65417,23,769.3,0,0
Asia/Tehran,Ārān Bīdgol,IR,65404,5,182.1,0,0
Asia/Tehran,Bāqershahr,IR,65388,1,18.2,0,0
Asia/Tehran,Māhdāsht,IR,62910,3,55.0,0,0
Asia/Tehran,Lār,IR,62045,33,932.5,0,0
Asia/Tehran,Meshkīn Dasht,IR,62005,2,43.6,0,0
Asia/Tehran,Nekā,IR,60991,10,199.3,0,0
Asia/Tehran,Bandar-e Kangān,IR,60187,24,876.1,0,0
Asia/Tehran,Ābyek,IR,60107,5,89.0,0,0
Asia/Tehran,Sarāvān,IR,60014,66,1385.9,0,0
Asia/Tehran,Esfarāyen,IR,59490,28,566.2,0,0
Asia/Tehran,Ābādeh,IR,59116,26,780.6,0,0
Asia/Tehran,Abadeh,IR,59116,18,516.8,0,0
Asia/Tehran,Zarand,IR,58983,34,723.2,0,0
Asia/Tehran,Golpāyegān,IR,58936,11,269.9,0,0
Asia/Tehran,Torbat-e Jām,IR,58928,38,834.4,0,0
Asia/Tehran,Ardakān,IR,58834,20,445.9,0,0
Asia/Tehran,Ṣāleḥīeh,IR,58683,2,29.6,0,0
Asia/Tehran,Harsīn,IR,57647,19,383.5,0,0
Asia/Tehran,Kāmyārān,IR,57077,20,419.3,0,0
Asia/Tehran,Borūjen,IR,57071,10,414.8,0,0
Asia/Tehran,Nūrābād,IR,57058,16,620.6,0,0
Asia/Tehran,Dehdasht,IR,57036,16,550.8,0,0
Asia/Tehran,Malārd,IR,56745,2,40.3,0,0
Asia/Tehran,Kūt-e ‘Abdollāh,IR,56252,23,557.8,0,0
Asia/Tehran,Zarrīn Shahr,IR,55817,9,367.4,0,0
Asia/Tehran,Asadābād,IR,55703,16,316.5,0,0
Asia/Tehran,Hashtgerd,IR,55640,4,73.2,0,0
Asia/Tehran,Ābyek,IR,55128,5,88.8,0,0
Asia/Tehran,Eqbālīyeh,IR,55066,8,147.3,0,0
Asia/Tehran,Javānrūd,IR,54354,22,458.4,0,0
Asia/Tehran,Şabbāshahr,IR,53971,2,30.6,0,0
Asia/Tehran,Bandar-e Torkaman,IR,53970,14,272.8,0,0
Asia/Tehran,Chenārān,IR,53879,34,699.0,0,0
Asia/Tehran,Pīshvā,IR,53856,3,51.1,0,0
Asia/Tehran,'Alī Ābād-e Katūl,IR,52838,17,337.1,0,0
Asia/Tehran,Bandar-e Genāveh,IR,52750,19,685.2,0,0
Asia/Tehran,Kahnūj,IR,52624,46,1046.0,0,0
Asia/Tehran,Meybod,IR,51874,20,451.6,0,0
Asia/Tehran,Shahr-e Bābak,IR,51620,30,709.6,0,0
Asia/Tehran,Takāb,IR,51541,19,395.2,0,0
Asia/Tehran,Sūsangerd,IR,51431,24,548.1,0,0
Asia/Tehran,Kangāvar,IR,51352,17,341.1,0,0
Asia/Tehran,Khalkhāl,IR,51024,17,335.1,0,0
Asia/Tehran,Oshnavīyeh,IR,50661,29,585.5,0,0
Asia/Tehran,Khorramdarreh,IR,50528,11,208.4,0,0
Asia/Tehran,Tūyserkān,IR,50455,15,299.2,0,0
Asia/Tehran,Bījār,IR,50014,16,344.8,0,0
Asia/Tehran,Tabas,IR,49993,28,554.7,0,0
Asia/Tehran,Chahār Dangeh,IR,49950,1,14.3,0,0
Asia/Tehran,Falāvarjān,IR,49843,10,349.1,0,0
Asia/Tehran,Īstgāh-e Rāh Āhan-e Garmsār,IR,49491,5,95.3,0,0
Asia/Tehran,Rehnān,IR,49143,10,335.2,0,0
Asia/Tehran,Chahārbāgh,IR,48828,3,54.2,0,0
Asia/Tehran,Garmsār,IR,48672,5,98.7,0,0
Asia/Tehran,Bābolsar,IR,48051,8,157.0,0,0
Asia/Tehran,Āzādshahr,IR,47590,19,369.7,0,0
Asia/Tehran,Rūdsar,IR,47502,9,189.6,0,0
Asia/Tehran,Aznā,IR,47489,14,307.1,0,0
Asia/Tehran,Aznā,IR,47482,16,325.0,0,0
Asia/Tehran,Chabahar,IR,47287,64,1453.9,0,0
Asia/Tehran,Şowme‘eh Sarā,IR,47083,13,259.6,0,0
Asia/Tehran,Maku,IR,46581,39,732.5,0,0
Asia/Tehran,Makū,IR,46581,25,877.5,0,0
Asia/Tehran,Sarakhs,IR,46499,42,879.2,0,0
Asia/Tehran,Sardasht,IR,46412,25,537.5,0,0
Asia/Tehran,Dehlorān,IR,46002,25,507.1,0,0
Asia/Tehran,Neyrīz,IR,45506,29,771.9,0,0
Asia/Tehran,Sarpol-e Z̄ahāb,IR,45481,26,524.0,0,0
Asia/Tehran,Bāfq,IR,45453,28,585.3,0,0
Asia/Tehran,Hashtpar,IR,45305,16,323.9,0,0
Asia/Tehran,Sarāb,IR,45031,22,426.5,0,0
Asia/Tehran,Āstāneh-ye Ashrafīyeh,IR,44941,11,218.9,0,0
Asia/Tehran,Āz̄arshahr,IR,44887,28,536.6,0,0
Asia/Tehran,Eqlīd,IR,44341,19,546.2,0,0
Asia/Tehran,Sonqor,IR,44256,18,361.6,0,0
Asia/Tehran,Naţanz,IR,43977,9,247.0,0,0
Asia/Tehran,Ḩasanābād,IR,43922,2,40.1,0,0
Asia/Tehran,Gonābād,IR,43465,33,677.7,0,0
Asia/Tehran,Konārak,IR,43258,63,1433.7,0,0
Asia/Tehran,Maḩallāt,IR,43245,9,217.1,0,0
Asia/Tehran,Qā’en,IR,42323,37,742.3,0,0
Asia/Tehran,Poldasht,IR,42170,36,691.6,0,0
Asia/Tehran,Shādegān,IR,41733,24,616.8,0,0
Asia/Tehran,Shāhīn Dezh,IR,41442,22,449.2,0,0
Asia/Tehran,Khūrmūj,IR,40722,19,782.8,0,0
Asia/Tehran,Lordegān,IR,40528,13,468.2,0,0
Asia/Tehran,Rāvar,IR,40167,34,701.1,0,0
Asia/Tehran,Nowshahr,IR,40000,3,106.3,0,0
Asia/Tehran,Kord Kūy,IR,39881,14,270.4,0,0
Asia/Tehran,Kīsh,IR,39853,35,1045.5,0,0
Asia/Tehran,Āstārā,IR,39065,18,379.2,0,0
Asia/Tehran,Qaşr-e Qand,IR,37722,62,1374.9,0,0
Asia/Tehran,Kahrīzak,IR,37527,3,54.4,0,0
Asia/Tehran,Kahrīzak,IR,37527,1,20.5,0,0
Asia/Tehran,Tāybād,IR,37513,40,856.0,0,0
Asia/Tehran,Tonekābon,IR,37501,6,134.1,0,0
Asia/Tehran,Dorcheh Pīāz,IR,37462,10,342.6,0,0
Asia/Tehran,Golbahār,IR,36877,34,704.3,0,0
Asia/Tehran,Dargaz,IR,36762,36,713.3,0,0
Asia/Tehran,Eqbālīyeh,IR,36709,2,44.8,0,0
Asia/Tehran,Qīāmdasht,IR,36446,2,28.1,0,0
Asia/Tehran,Estahbān,IR,36410,28,770.5,0,0
Asia/Tehran,Sheybān,IR,36374,22,535.1,0,0
Asia/Tehran,Rūdān,IR,36121,45,1067.6,0,0
Asia/Tehran,Rāmsar,IR,35997,7,152.7,0,0
Asia/Tehran,Fūman,IR,35841,13,254.0,0,0
Asia/Tehran,Şaḩneh,IR,35508,18,365.2,0,0
Asia/Tehran,Āq Qalā,IR,35116,16,308.7,0,0
Asia/Tehran,Qīdar,IR,34921,13,259.2,0,0
Asia/Tehran,Bāft,IR,34517,38,867.1,0,0
Asia/Tehran,Gerāsh,IR,34469,32,928.4,0,0
Asia/Tehran,Hādīshahr,IR,34346,33,618.4,0,0
Asia/Tehran,Mahrīz,IR,34237,24,535.7,0,0
Asia/Tehran,Ferdowsīyeh,IR,34221,2,33.9,0,0
Asia/Tehran,Fereydūn Kenār,IR,34097,7,147.8,0,0
Asia/Tehran,Dīvāndarreh,IR,34007,18,397.3,0,0
Asia/Tehran,Kalāleh,IR,33700,21,409.1,0,0
Asia/Tehran,Dowlatābād,IR,33607,10,322.8,0,0
Asia/Tehran,Delījān,IR,33508,8,201.1,0,0
Asia/Tehran,Chamrān,IR,33505,22,592.9,0,0
Asia/Tehran,Vaḩīdīyeh,IR,33249,1,5.0,0,0
Asia/Tehran,Vaḩīdīyeh,IR,33249,2,36.3,0,0
Asia/Tehran,Khvāf,IR,33189,38,802.7,0,0
Asia/Tehran,Jūybār,IR,32924,9,170.2,0,0
Asia/Tehran,Ṣafādasht,IR,32476,3,51.8,0,0
Asia/Tehran,Farrokh Shahr,IR,32391,11,382.8,0,0
Asia/Tehran,Zarqān,IR,32261,21,669.6,0,0
Asia/Tehran,Maḩmūdābād,IR,31844,6,128.7,0,0
Asia/Tehran,Kavār,IR,31711,23,731.3,0,0
Asia/Tehran,Jam,IR,31436,25,878.7,0,0
Asia/Tehran,Eyvān,IR,31299,26,511.0,0,0
Asia/Tehran,Fārsān,IR,30504,13,390.4,0,0
Asia/Tehran,Amīr Kolā,IR,30478,8,150.2,0,0
Asia/Tehran,Bandar-e Lengeh,IR,30435,38,1067.4,0,0
Asia/Tehran,Mīnūdasht,IR,30085,20,392.4,0,0
Asia/Tehran,Eshtehārd,IR,29993,5,95.3,0,0
Asia/Tehran,Pāsārgād,IR,29825,22,632.4,0,0
Asia/Tehran,Shahrak-e Qods,IR,29774,1,8.3,0,0
Asia/Tehran,Sardrūd,IR,29739,28,535.9,0,0
Asia/Tehran,Karahrūd,IR,29721,12,243.4,0,0
Asia/Tehran,Ajab Shīr,IR,29675,27,531.7,0,0
Asia/Tehran,Qahderījān,IR,29392,9,346.6,0,0
Asia/Tehran,Lamerd,IR,29380,29,944.4,0,0
Asia/Tehran,Khowrzūq,IR,29154,10,324.9,0,0
Asia/Tehran,Damāvand,IR,29144,3,58.6,0,0
Asia/Tehran,Hendījān,IR,29015,21,627.5,0,0
Asia/Tehran,Germī,IR,28967,23,473.3,0,0
Asia/Tehran,Ferdows,IR,28965,32,643.4,0,0
Asia/Tehran,Bahār,IR,28645,14,284.2,0,0
Asia/Tehran,Nasirshahr,IR,28644,2,34.1,0,0
Asia/Tehran,Nasir Abaad,IR,28644,2,25.3,0,0
Asia/Tehran,Rūdehen,IR,28533,2,43.9,0,0
Asia/Tehran,Bardaskan,IR,28233,28,594.9,0,0
Asia/Tehran,Aleshtar,IR,27701,18,353.0,0,0
Asia/Tehran,Abarkūh,IR,27524,20,536.2,0,0
Asia/Tehran,Malekān,IR,27431,26,502.3,0,0
Asia/Tehran,Nā’īn,IR,27379,15,350.3,0,0
Asia/Tehran,Nūr,IR,26947,5,111.2,0,0
Asia/Tehran,Semīrom,IR,26942,13,475.9,0,0
Asia/Tehran,Şafāshahr,IR,26933,21,588.6,0,0
Asia/Tehran,Qā’emīyeh,IR,26918,17,649.9,0,0
Asia/Tehran,Qarah Ẕīā’ od Dīn,IR,26767,35,668.0,0,0
Asia/Tehran,Poldokhtar,IR,26352,22,442.4,0,0
Asia/Tehran,Bāgh-e Malek,IR,26343,17,485.0,0,0
Asia/Tehran,Shahrak-e Ţāleqānī,IR,25808,18,552.2,0,0
Asia/Tehran,Pāveh,IR,25771,22,464.9,0,0
Asia/Tehran,Bandar-e Deylam,IR,25730,20,638.1,0,0
Asia/Tehran,Kelīshād va Sūdarjān,IR,25635,10,349.6,0,0
Asia/Tehran,Shāhedshahr,IR,25544,2,33.3,0,0
Asia/Tehran,Showţ,IR,25381,37,705.6,0,0
Asia/Tehran,Goldasht,IR,25235,9,340.9,0,0
Asia/Tehran,Bardsīr,IR,25152,37,802.1,0,0
Asia/Tehran,Āshkhāneh,IR,25104,27,532.8,0,0
Asia/Tehran,Rāmshīr,IR,25009,21,565.7,0,0
Asia/Tehran,Qeshm,IR,25000,43,1075.5,0,0
Asia/Tehran,Darreh Shahr,IR,24961,23,466.6,0,0
Asia/Tehran,Ravānsar,IR,24527,22,446.6,0,0
Asia/Tehran,Gaz-e Borkhar,IR,24433,9,321.8,0,0
Asia/Tehran,Gotvand,IR,24216,20,452.6,0,0
Asia/Tehran,Bandar-e Deyr,IR,24083,23,874.7,0,0
Asia/Tehran,Ābdānān,IR,23946,23,474.5,0,0
Asia/Tehran,Gālīkesh,IR,23394,21,399.3,0,0
Asia/Tehran,Ḩājjīābād,IR,23309,38,923.2,0,0
Asia/Tehran,‘Ālī Shahr,IR,23178,19,752.8,0,0
Asia/Tehran,Mojtame‘-e Maskūnī-ye Nāmjū,IR,22990,2,36.9,0,0
Asia/Tehran,Baravāt,IR,22761,46,985.9,0,0
Asia/Tehran,Garmdarreh,IR,22726,2,32.4,0,0
Asia/Tehran,Shabestar,IR,22181,30,578.4,0,0
Asia/Tehran,Ḥamīdiyeh,IR,22057,23,543.9,0,0
Asia/Tehran,Maḩmūdābād Nemūneh,IR,21982,8,151.9,0,0
Asia/Tehran,Khosrowshahr,IR,21972,28,539.6,0,0
Asia/Tehran,Khānsār,IR,21883,11,293.2,0,0
Asia/Tehran,Māmūnīyeh,IR,21814,5,94.1,0,0
Asia/Tehran,Aghajari,IR,21785,19,574.6,0,0
Asia/Tehran,Bostānābād,IR,21734,25,473.3,0,0
Asia/Tehran,Tīrān,IR,21703,9,333.5,0,0
Asia/Tehran,Ferūnābād,IR,21682,2,27.0,0,0
Asia/Tehran,Ḩājjīābād,IR,21675,32,863.4,0,0
Asia/Tehran,Shahrak-e ‘Alā’īn,IR,21594,1,12.8,0,0
Asia/Tehran,Hafshejān,IR,21352,12,389.9,0,0
Asia/Tehran,Galūgāh,IR,21352,13,243.0,0,0
Asia/Tehran,Shāzand,IR,21181,13,268.8,0,0
Asia/Tehran,Mahdishahr,IR,21000,8,174.5,0,0
Asia/Tehran,Ţorqabeh,IR,20998,34,718.4,0,0
Asia/Tehran,Khomām,IR,20897,12,245.7,0,0
Asia/Tehran,Bandar-e Gaz,IR,20742,13,256.4,0,0
Asia/Tehran,Katālem va Sādāt Shahr,IR,20716,7,147.9,0,0
Asia/Tehran,Hashtrūd,IR,20572,23,437.7,0,0
Asia/Tehran,Sharīfābād,IR,20347,7,128.1,0,0
Asia/Tehran,Mahājerān,IR,20346,12,257.4,0,0
Asia/Tehran,Farrāshband,IR,20320,21,762.6,0,0
Asia/Tehran,Najafshahr,IR,20164,35,808.6,0,0
Asia/Tehran,Dārān,IR,20078,11,315.0,0,0
Asia/Tehran,Qīr,IR,20010,26,816.2,0,0
Asia/Tehran,Surian,IR,20000,24,618.5,0,0
Asia/Tehran,Abrīsham,IR,20000,10,349.2,0,0
Asia/Tehran,Evaz,IR,19987,32,915.1,0,0
Asia/Tehran,Sīāhkal,IR,19924,11,213.4,0,0
Asia/Tehran,Līkak,IR,19857,18,547.8,0,0
Asia/Tehran,Jājarm,IR,19580,24,465.6,0,0
Asia/Tehran,Reẕvānshahr,IR,19519,15,290.0,0,0
Asia/Tehran,Hoveyzeh,IR,19481,25,563.5,0,0
Asia/Tehran,Fāẕelābād,IR,19461,17,326.9,0,0
Asia/Tehran,Māhān,IR,19423,39,832.2,0,0
Asia/Tehran,Khonj,IR,19217,29,888.2,0,0
Asia/Tehran,Kabūdarāhang,IR,19216,12,250.3,0,0
Asia/Tehran,Bandar-e Kong,IR,19213,38,1065.2,0,0
Asia/Tehran,Gomīshān,IR,19191,15,282.7,0,0
Asia/Tehran,Ashkez̄ar,IR,19123,22,485.0,0,0
Asia/Tehran,Sedeh Lanjān,IR,19101,9,368.8,0,0
Asia/Tehran,Dīzīcheh,IR,18935,10,367.8,0,0
Asia/Tehran,Āb Pakhsh,IR,18913,18,705.3,0,0
Asia/Tehran,Nakhl-e Taqī,IR,18837,27,918.1,0,0
Asia/Tehran,Choghādak,IR,18702,19,746.8,0,0
Asia/Tehran,Varnāmkhvāst,IR,18700,10,371.2,0,0
Asia/Tehran,Kherāmeh,IR,18477,25,711.3,0,0
Asia/Tehran,Qaşr-e Shīrīn,IR,18473,27,547.3,0,0
Asia/Tehran,Lālī,IR,18473,18,431.3,0,0
Asia/Tehran,Taft,IR,18464,22,509.0,0,0
Asia/Tehran,Oskū,IR,18459,28,532.4,0,0
Asia/Tehran,Nehbandān,IR,18304,46,921.2,0,0
Asia/Tehran,Sarvestān,IR,18187,25,733.6,0,0
Asia/Tehran,‘Anbarābād,IR,18185,45,1004.8,0,0
Asia/Tehran,Lavāsān,IR,18146,2,24.6,0,0
Asia/Tehran,Jālq,IR,18098,67,1395.1,0,0
Asia/Tehran,Mādavān,IR,18078,14,553.8,0,0
Asia/Tehran,Bīdestān,IR,18060,7,131.2,0,0
Asia/Tehran,Pārsiān,IR,18045,29,955.9,0,0
Asia/Tehran,Dehāqān,IR,17945,12,418.0,0,0
Asia/Tehran,Māsāl,IR,17901,14,276.1,0,0
Asia/Tehran,Seyah Cheshmeh,IR,17804,38,725.7,0,0
Asia/Tehran,Dastgerd,IR,17775,10,322.4,0,0
Asia/Tehran,Arsanjān,IR,17706,24,666.6,0,0
Asia/Tehran,‘Eyn-e Do,IR,17653,23,549.7,0,0
Asia/Tehran,Ovrīn,IR,17577,2,31.1,0,0
Asia/Tehran,Fīrūzkūh,IR,17453,6,122.0,0,0
Asia/Tehran,Pādegān-e Manjīl,IR,17396,11,214.3,0,0
Asia/Tehran,Khabarābād,IR,17267,2,29.9,0,0
Asia/Tehran,Sīmīn Shahr,IR,17205,15,291.2,0,0
Asia/Tehran,Sa‘ādat Shahr,IR,17131,22,644.5,0,0
Asia/Tehran,Nīkshahr,IR,17000,60,1344.5,0,0
Asia/Tehran,Jask,IR,16680,52,1271.2,0,0
Asia/Tehran,Īlkhchī,IR,16574,28,544.8,0,0
Asia/Tehran,Tafresh,IR,16493,8,169.4,0,0
Asia/Tehran,Sa‘īdābād,IR,16212,1,21.5,0,0
Asia/Tehran,Zīr Āb,IR,16191,8,149.8,0,0
Asia/Tehran,Shahrak-e Mohandesī-ye Zerā‘ī,IR,16104,2,42.9,0,0
Asia/Tehran,Ardestān,IR,16058,11,271.7,0,0
Asia/Tehran,Pīshīn,IR,16011,67,1452.5,0,0
Asia/Tehran,Haftkel,IR,15802,19,503.8,0,0
Asia/Tehran,Manūjān,IR,15634,47,1086.7,0,0
Asia/Tehran,Manjīl,IR,15630,11,215.6,0,0
Asia/Tehran,Chamgordān,IR,15574,9,367.1,0,0
Asia/Tehran,Anār,IR,15532,29,644.6,0,0
Asia/Tehran,Morteẕá Gerd,IR,15506,1,12.1,0,0
Asia/Tehran,Amlash,IR,15444,9,191.1,0,0
Asia/Tehran,Bandar-e Khamīr,IR,15320,40,1049.2,0,0
Asia/Tehran,Boshrūyeh,IR,15318,30,584.9,0,0
Asia/Tehran,Veys,IR,15312,21,524.0,0,0
Asia/Tehran,Malekābād,IR,15296,3,55.7,0,0
Asia/Tehran,Shāl,IR,15290,7,150.7,0,0
Asia/Tehran,Charām,IR,15218,16,552.8,0,0
Asia/Tehran,Ahram,IR,15198,18,757.6,0,0
Asia/Tehran,Gorjī-ye Soflá,IR,15163,35,744.3,0,0
Asia/Amman,Amman,JO,1275857,0,0.0,0,0
Asia/Amman,Zarqa,JO,792665,1,18.8,0,0
Asia/Amman,Irbid,JO,569068,2,67.4,0,0
Asia/Amman,Russeifa,JO,268237,1,11.8,0,0
Asia/Amman,Ḩayy Khildā,JO,251000,1,10.7,0,0
Asia/Amman,Khuraybat as Sūq,JO,186158,1,8.8,0,0
Asia/Amman,Wādī as Sīr,JO,181212,1,12.0,0,0
Asia/Amman,Ar Ramthā,JO,155693,2,67.4,0,0
Asia/Amman,Ṣuwayliḥ,JO,151016,1,12.1,0,0
Asia/Amman,‘Ajlūn,JO,125557,2,45.8,0,0
Asia/Amman,As Salţ,JO,107874,2,22.6,0,0
Asia/Amman,Aqaba,JO,95048,11,284.5,0,0
Asia/Amman,Rukban,JO,85000,15,299.2,0,0
Asia/Amman,Marj Al Hamam,JO,82788,1,11.0,0,0
Asia/Amman,Mādabā,JO,82335,2,30.2,0,0
Asia/Amman,Mafraq,JO,57118,2,49.7,0,0
Asia/Amman,Az̧ Z̧ulayl,JO,50931,2,36.6,0,0
Asia/Amman,Ma'an,JO,50350,6,196.6,0,0
Asia/Amman,Al Jubayhah,JO,46834,1,7.6,0,0
Asia/Amman,Saḩāb,JO,40241,1,11.0,0,0
Asia/Amman,Ḩayy al Quwaysimah,JO,32396,1,5.0,0,0
Asia/Amman,Jarash,JO,27046,1,36.5,0,0
Asia/Amman,Aţ Ţafīlah,JO,25429,5,128.4,0,0
Asia/Amman,‘Izrā,JO,22756,4,91.7,0,0
Asia/Amman,Qīr Moāv,JO,22581,4,89.0,0,0
Asia/Amman,Karak City,JO,21678,3,89.7,0,0
Asia/Amman,Judita,JO,20000,2,55.1,0,0
Asia/Amman,Al Fuḩayş,JO,18916,1,16.4,0,0
Asia/Amman,Aydūn,JO,18376,2,61.7,0,0
Asia/Amman,Umm as Summāq,JO,18274,1,11.6,0,0
Asia/Amman,Kurayyimah,JO,17837,3,48.3,0,0
Asia/Amman,Māḩiş,JO,17754,1,16.9,0,0
Asia/Amman,‘Anjarah,JO,17634,2,43.0,0,0
Asia/Amman,Safi,JO,15200,5,111.9,0,0
Asia/Bishkek,Bishkek,KG,900000,0,0.0,0,0
Asia/Bishkek,Osh,KG,322164,16,299.9,0,0
Asia/Bishkek,Manas,KG,123239,13,251.5,0,0
Asia/Bishkek,Karakol,KG,84351,17,313.6,0,0
Asia/Bishkek,Tokmok,KG,71443,3,58.1,0,0
Asia/Bishkek,Uzgen,KG,49410,13,256.8,0,0
Asia/Bishkek,Kara-Balta,KG,48278,4,60.8,0,0
Asia/Bishkek,Balykchy,KG,42875,8,138.3,0,0
Asia/Bishkek,Naryn,KG,41178,11,197.8,0,0
Asia/Bishkek,Bazar-Korgon,KG,41011,14,254.5,0,0
Asia/Bishkek,Talas,KG,40308,11,195.8,0,0
Asia/Bishkek,Razzakov,KG,34219,31,540.3,0,0
Asia/Bishkek,Kyzyl-Kyya,KG,32000,19,355.5,0,0
Asia/Bishkek,Suzak,KG,30534,14,259.9,0,0
Asia/Bishkek,Batken,KG,27730,25,443.0,0,0
Asia/Bishkek,Kara-Kul’,KG,26901,12,209.8,0,0
Asia/Bishkek,Kara Suu,KG,26609,15,280.0,0,0
Asia/Bishkek,Iradan,KG,26200,19,355.9,0,0
Asia/Bishkek,Tash-Kumyr,KG,23594,15,258.9,0,0
Asia/Bishkek,Belovodskoye,KG,23046,3,39.5,0,0
Asia/Bishkek,Kant,KG,22617,2,21.4,0,0
Asia/Bishkek,Lebedinovka,KG,21118,1,7.4,0,0
Asia/Bishkek,Toktogul,KG,20577,11,174.9,0,0
Asia/Bishkek,Kojomkul,KG,20182,1,12.2,0,0
Asia/Bishkek,Massy,KG,19774,15,258.2,0,0
Asia/Bishkek,Nookat,KG,18228,17,332.8,0,0
Asia/Bishkek,Ivanovka,KG,17513,3,40.4,0,0
Asia/Bishkek,Kochkor-Ata,KG,17177,15,268.1,0,0
Asia/Bishkek,Kara-Kulja,KG,15616,12,262.2,0,0
Asia/Bishkek,Ala-Buka,KG,15426,18,303.0,0,0
Asia/Bishkek,Kyzyl-Suu,KG,15075,16,285.7,0,0
Asia/Bishkek,Suluktu,KG,15019,31,530.7,0,0
Indian/Comoro,Moroni,KM,74749,0,0.0,0,0
Indian/Comoro,Moutsamoudou,KM,26313,6,134.8,0,0
Indian/Comoro,Fomboni,KM,17291,3,84.0,0,0
Asia/Kuwait,Al Aḩmadī,KW,637411,0,0.0,0,0
Asia/Kuwait,Ḩawallī,KW,164212,1,28.9,0,0
Asia/Kuwait,As Sālimīyah,KW,147649,1,28.6,0,0
Asia/Kuwait,Şabāḩ as Sālim,KW,139163,1,20.2,0,0
Asia/Kuwait,Al Farwānīyah,KW,86525,1,25.4,0,0
Asia/Kuwait,Al Faḩāḩīl,KW,68290,1,4.6,0,0
Asia/Kuwait,Kuwait City,KW,60064,2,34.0,0,0
Asia/Kuwait,Ar Rumaythīyah,KW,58135,1,26.1,0,0
Asia/Kuwait,Ar Riqqah,KW,52068,1,7.7,0,0
Asia/Kuwait,Salwá,KW,40945,1,24.3,0,0
Asia/Kuwait,Al Manqaf,KW,39025,1,5.2,0,0
Asia/Kuwait,Ar Rābiyah,KW,36447,2,28.3,0,0
Asia/Kuwait,Bayān,KW,30635,1,25.4,0,0
Asia/Kuwait,Al Jahrā’,KW,24281,3,50.5,0,0
Asia/Kuwait,Al Finţās,KW,23071,1,11.4,0,0
Asia/Kuwait,Janūb as Surrah,KW,18496,1,23.7,0,0
Asia/Kuwait,Al Mahbūlah,KW,18178,1,8.8,0,0
Asia/Kuwait,Ad Dasmah,KW,17585,2,33.0,0,0
Asia/Aqtau,Aktau,KZ,147443,0,0.0,0,0
Asia/Aqtau,Zhanaozen,KZ,103598,8,140.7,0,0
Asia/Aqtau,Mangistau,KZ,31368,1,12.4,0,0
Asia/Aqtobe,Aktobe,KZ,500757,0,0.0,0,0
Asia/Aqtobe,Kandyagash,KZ,28196,5,91.4,0,0
Asia/Aqtobe,Shalqar,KZ,27399,22,324.0,0,0
Asia/Aqtobe,Khromtau,KZ,23715,6,87.4,0,0
Asia/Aqtobe,Embi,KZ,18760,11,175.0,0,0
Asia/Atyrau,Atyrau,KZ,290700,0,0.0,0,0
Asia/Atyrau,Qulsary,KZ,51216,10,162.7,0,0
Asia/Atyrau,Shalkar,KZ,27072,16,246.5,0,0
Asia/Atyrau,Balykshi,KZ,19260,1,4.4,0,0
Asia/Oral,Oral,KZ,330000,0,0.0,0,0
Asia/Oral,Aqsay,KZ,34799,7,109.9,0,0
Asia/Almaty,Almaty,KZ,1977011,0,0.0,0,0
Asia/Almaty,Astana,KZ,1544142,57,972.7,0,0
Asia/Almaty,Shymkent,KZ,1200000,33,605.6,0,0
Asia/Almaty,Karagandy,KZ,497777,43,784.1,0,0
Asia/Almaty,Taraz,KZ,358153,24,451.5,0,0
Asia/Almaty,Pavlodar,KZ,329002,42,1003.4,0,0
Asia/Almaty,Ust-Kamenogorsk,KZ,319067,52,863.9,0,0
Asia/Almaty,Semey,KZ,292780,45,836.3,0,0
Asia/Almaty,Turkistan,KZ,227098,35,700.4,0,0
Asia/Almaty,Petropavl,KZ,200920,89,1408.4,0,0
Asia/Almaty,Temirtau,KZ,170600,45,813.8,0,0
Asia/Almaty,Kokshetau,KZ,150649,78,1244.9,0,0
Asia/Almaty,Ekibastuz,KZ,121470,45,949.4,0,0
Asia/Almaty,Taldykorgan,KZ,116558,13,228.1,0,0
Asia/Almaty,Zhezqazghan,KZ,104357,55,876.2,0,0
Asia/Almaty,Balqash,KZ,81364,22,427.3,0,0
Asia/Almaty,Sarqant,KZ,76919,21,338.9,0,0
Asia/Almaty,Satpayev,KZ,69782,57,893.1,0,0
Asia/Almaty,Kentau,KZ,57408,35,679.7,0,0
Asia/Almaty,Ridder,KZ,52664,58,934.4,0,0
Asia/Almaty,Shchuchinsk,KZ,47290,72,1185.6,0,0
Asia/Almaty,Stepnogorsk,KZ,46736,62,1078.5,0,0
Asia/Almaty,Altay,KZ,44929,57,913.3,0,0
Asia/Almaty,Aksu,KZ,44808,40,977.2,0,0
Asia/Almaty,Saran,KZ,42552,45,792.1,0,0
Asia/Almaty,Talghar,KZ,42194,2,27.0,0,0
Asia/Almaty,Konayev,KZ,42167,3,69.4,0,0
Asia/Almaty,Shakhtinsk,KZ,41602,45,789.9,0,0
Asia/Almaty,Shu,KZ,39785,14,257.3,0,0
Asia/Almaty,Karatau,KZ,37881,26,522.8,0,0
Asia/Almaty,Zhetysay,KZ,36494,43,760.3,0,0
Asia/Almaty,Arys,KZ,36285,36,666.7,0,0
Asia/Almaty,Abay,KZ,35454,44,774.2,0,0
Asia/Almaty,Atbasar,KZ,34797,73,1146.1,0,0
Asia/Almaty,Zharkent,KZ,34422,16,268.8,0,0
Asia/Almaty,Zhangatas,KZ,33492,30,580.8,0,0
Asia/Almaty,Ayagoz,KZ,33479,34,591.1,0,0
Asia/Almaty,Esik,KZ,32995,3,45.2,0,0
Asia/Almaty,Shelek,KZ,29032,7,115.2,0,0
Asia/Almaty,Tekeli,KZ,26678,14,230.9,0,0
Asia/Almaty,Aksu,KZ,26115,32,584.8,0,0
Asia/Almaty,Shardara,KZ,25356,43,768.1,0,0
Asia/Almaty,Saryaghash,KZ,25139,37,666.5,0,0
Asia/Almaty,Abay,KZ,24047,39,687.9,0,0
Asia/Almaty,Kalbatau,KZ,22047,45,764.5,0,0
Asia/Almaty,Lenger,KZ,21238,32,586.0,0,0
Asia/Almaty,Burunday,KZ,20996,1,12.4,0,0
Asia/Almaty,Ushtobe,KZ,20492,12,238.2,0,0
Asia/Almaty,Shemonaikha,KZ,20087,53,903.3,0,0
Asia/Almaty,Otegen Batyra,KZ,18864,1,20.5,0,0
Asia/Almaty,Maqanshy,KZ,18754,35,561.4,0,0
Asia/Almaty,Turar Ryskulov,KZ,18421,29,540.4,0,0
Asia/Almaty,Makinsk,KZ,17711,70,1148.6,0,0
Asia/Almaty,Zaysan,KZ,17600,49,778.0,0,0
Asia/Almaty,Akkol’,KZ,16773,77,1239.5,0,0
Asia/Almaty,Merke,KZ,15934,17,304.7,0,0
Asia/Almaty,Sarykemer,KZ,15132,23,439.1,0,0
Asia/Qyzylorda,Kyzylorda,KZ,354800,0,0.0,0,0
Asia/Qyzylorda,Novokazalinsk,KZ,35883,17,284.7,0,0
Asia/Qyzylorda,Aral,KZ,33017,23,368.4,0,0
Asia/Qyzylorda,Shiyeli,KZ,29832,8,123.2,0,0
Asia/Qyzylorda,Zhangaqorghan,KZ,21339,11,173.6,0,0
Asia/Qyzylorda,Zhosaly,KZ,20065,8,132.6,0,0
Asia/Qyzylorda,Tasbuget,KZ,16455,1,9.9,0,0
Asia/Qostanay,Kostanay,KZ,210000,0,0.0,0,0
Asia/Qostanay,Rudnyy,KZ,124000,4,43.6,0,0
Asia/Qostanay,Baikonur,KZ,70000,39,845.1,0,0
Asia/Qostanay,Zhitikara,KZ,43104,16,199.2,0,0
Asia/Qostanay,Arkalyk,KZ,42000,30,399.4,0,0
Asia/Qostanay,Lisakovsk,KZ,40000,9,106.1,0,0
Asia/Beirut,Beirut,LB,1916100,0,0.0,0,0
Asia/Beirut,Ra’s Bayrūt,LB,1251739,1,1.8,0,0
Asia/Beirut,Tripoli,LB,229398,3,67.8,0,0
Asia/Beirut,Sidon,LB,163554,2,39.2,0,0
Asia/Beirut,Tyre,LB,135204,3,74.6,0,0
Asia/Beirut,Aley,LB,130000,1,13.4,0,0
Asia/Beirut,Nabatîyé et Tahta,LB,120000,2,57.2,0,0
Asia/Beirut,Habboûch,LB,98433,2,54.0,0,0
Asia/Beirut,Jounieh,LB,96315,1,14.5,0,0
Asia/Beirut,Zahlé,LB,78145,2,37.3,0,0
Asia/Beirut,Aarsâl,LB,50000,5,90.5,0,0
Asia/Beirut,Ghazieh,LB,50000,2,43.6,0,0
Asia/Beirut,Baalbek,LB,30916,4,67.3,0,0
Asia/Beirut,Chmistâr,LB,30000,3,48.3,0,0
Asia/Beirut,En Nâqoûra,LB,24910,4,92.5,0,0
Asia/Beirut,El Hermel,LB,22250,5,98.5,0,0
Asia/Beirut,Byblos,LB,20784,2,28.7,0,0
Asia/Beirut,Bsharri,LB,20000,3,61.5,0,0
Africa/Tripoli,Tripoli,LY,1302947,0,0.0,0,0
Africa/Tripoli,Benghazi,LY,757490,30,650.9,0,0
Africa/Tripoli,Misratah,LY,355657,10,187.3,0,0
Africa/Tripoli,Zliten,LY,203790,7,137.5,0,0
Africa/Tripoli,Al Khums,LY,201943,5,103.9,0,0
Africa/Tripoli,Az Zāwīyah,LY,200000,3,45.3,0,0
Africa/Tripoli,Zawiya,LY,186123,3,45.5,0,0
Africa/Tripoli,Janzūr,LY,154389,1,17.6,0,0
Africa/Tripoli,Sabha,LY,149329,23,661.3,0,0
Africa/Tripoli,Tobruk,LY,141499,46,1013.3,0,0
Africa/Tripoli,Ajdabiya,LY,131773,35,705.9,0,0
Africa/Tripoli,Al Ajaylat,LY,130546,4,77.2,0,0
Africa/Tripoli,Al Bayḑā’,LY,129439,35,800.5,0,0
Africa/Tripoli,Al Jadīd,LY,126386,23,659.5,0,0
Africa/Tripoli,Sirte,LY,106705,19,370.9,0,0
Africa/Tripoli,Darnah,LY,102581,39,882.7,0,0
Africa/Tripoli,Al Jumayl,LY,102000,5,105.2,0,0
Africa/Tripoli,Qaşr Bin Ghashīr,LY,100069,1,22.7,0,0
Africa/Tripoli,Tājūrā’,LY,100000,1,15.3,0,0
Africa/Tripoli,Al Marj,LY,85315,32,716.3,0,0
Africa/Tripoli,Şabrātah,LY,83398,4,66.1,0,0
Africa/Tripoli,Al Ḩurshah,LY,81119,3,49.9,0,0
Africa/Tripoli,Şurmān,LY,77114,3,59.3,0,0
Africa/Tripoli,Msalātah,LY,73907,5,86.3,0,0
Africa/Tripoli,As Sawānī,LY,57069,1,22.1,0,0
Africa/Tripoli,Tarhuna,LY,52420,4,65.4,0,0
Africa/Tripoli,Al ‘Azīzīyah,LY,52404,2,42.6,0,0
Africa/Tripoli,Qaşr al Qarabūllī,LY,49610,3,51.8,0,0
Africa/Tripoli,At Tāj,LY,46050,66,1378.8,0,0
Africa/Tripoli,Bani Walid,LY,45734,7,147.4,0,0
Africa/Tripoli,Al Jawf,LY,42079,66,1379.6,0,0
Africa/Tripoli,Gharyan,LY,36110,3,81.1,0,0
Africa/Tripoli,Zuwarah,LY,33887,5,103.3,0,0
Africa/Tripoli,Ubari,LY,33569,18,701.3,0,0
Africa/Tripoli,Zintan,LY,33000,7,137.8,0,0
Africa/Tripoli,Al Abyār,LY,32563,32,698.7,0,0
Africa/Tripoli,Sīdī Bin Zīnah,LY,31607,5,112.1,0,0
Africa/Tripoli,Al Burayqah,LY,31300,34,664.4,0,0
Africa/Tripoli,Murzuk,LY,30491,24,778.5,0,0
Africa/Tripoli,Shahhat,LY,29206,35,810.6,0,0
Africa/Tripoli,Nālūt,LY,28431,12,236.1,0,0
Africa/Tripoli,Al Aşābi‘ah,LY,27713,4,99.6,0,0
Africa/Tripoli,Az Zahrā’,LY,25684,2,37.4,0,0
Africa/Tripoli,Al Qubbah,LY,24631,37,845.9,0,0
Africa/Tripoli,Hūn,LY,24431,23,494.0,0,0
Africa/Tripoli,Al Ghurayfah,LY,23449,19,708.1,0,0
Africa/Tripoli,Yafran,LY,22680,5,110.5,0,0
Africa/Tripoli,Az Zuwaytīnah,LY,21015,34,688.6,0,0
Africa/Tripoli,An Nāşirīyah,LY,20687,2,40.8,0,0
Africa/Tripoli,Qaryat Sulūq,LY,19918,33,677.7,0,0
Africa/Tripoli,Qarqūzah,LY,17350,2,35.9,0,0
Africa/Tripoli,Al-'Alūaṣ,LY,17122,4,75.5,0,0
Africa/Tripoli,Wādī 'Utbah,LY,16746,22,756.1,0,0
Africa/Tripoli,Mizdah,LY,16735,5,161.0,0,0
Africa/Tripoli,Qaşr Khiyār,LY,16708,4,65.1,0,0
Africa/Tripoli,Brak,LY,16200,21,602.6,0,0
Africa/Tripoli,Bin Jawwād,LY,15509,27,516.6,0,0
Africa/Tripoli,Al Qawāsim,LY,15134,3,79.1,0,0
Africa/Tripoli,Ar Rayāyinah,LY,15031,6,123.4,0,0
Africa/Casablanca,Casablanca,MA,3665954,0,0.0,0,0
Africa/Casablanca,Rabat,MA,1655753,5,86.1,0,0
Africa/Casablanca,Fes,MA,1191905,12,246.2,0,0
Africa/Casablanca,Tangier,MA,1035141,13,293.5,0,0
Africa/Casablanca,Marrakesh,MA,995871,7,220.3,0,0
Africa/Casablanca,Salé,MA,972299,5,91.2,0,0
Africa/Casablanca,Agadir,MA,698310,17,399.0,0,0
Africa/Casablanca,Meknes,MA,568295,9,193.8,0,0
Africa/Casablanca,Oujda,MA,539711,26,538.7,0,0
Africa/Casablanca,Kenitra,MA,470949,6,121.0,0,0
Africa/Casablanca,Tétouan,MA,415810,15,301.9,0,0
Africa/Casablanca,Al Hoceïma,MA,395644,19,384.4,0,0
Africa/Casablanca,Temara,MA,342345,4,75.4,0,0
Africa/Casablanca,Safi,MA,336883,10,208.7,0,0
Africa/Casablanca,Mohammedia,MA,227799,2,23.8,0,0
Africa/Casablanca,Khouribga,MA,214241,5,102.4,0,0
Africa/Casablanca,El Jadida,MA,212863,5,91.1,0,0
Africa/Casablanca,Beni Mellal,MA,210397,9,182.2,0,0
Africa/Casablanca,Salé Al Jadida,MA,200000,5,92.4,0,0
Africa/Casablanca,Ait Melloul,MA,187652,16,402.7,0,0
Africa/Casablanca,Nador,MA,176600,23,463.8,0,0
Africa/Casablanca,Dar Bouazza,MA,165295,1,20.7,0,0
Africa/Casablanca,Taza,MA,162110,16,339.5,0,0
Africa/Casablanca,Fès al Bali,MA,156000,12,251.2,0,0
Africa/Casablanca,Settat,MA,155333,2,65.3,0,0
Africa/Casablanca,Berrechid,MA,149201,1,36.0,0,0
Africa/Casablanca,Khemisset,MA,143640,7,145.3,0,0
Africa/Casablanca,Inezgane,MA,142320,17,402.7,0,0
Africa/Casablanca,Ksar El Kebir,MA,138262,11,221.9,0,0
Africa/Casablanca,Larache,MA,136505,10,222.9,0,0
Africa/Casablanca,Guelmim,MA,129200,22,561.9,0,0
Africa/Casablanca,Khenifra,MA,128318,10,195.3,0,0
Africa/Casablanca,Berkane,MA,119284,25,508.3,0,0
Africa/Casablanca,Taourirt,MA,112908,21,444.0,0,0
Africa/Casablanca,Bouskoura,MA,112501,1,15.9,0,0
Africa/Casablanca,Al Fqih Ben Çalah,MA,111402,7,148.3,0,0
Africa/Casablanca,Dchira El Jihadia,MA,109564,17,401.4,0,0
Africa/Casablanca,Oued Zem,MA,104029,7,125.8,0,0
Africa/Casablanca,El Kelaa des Srarhna,MA,103982,6,171.9,0,0
Africa/Casablanca,Sidi Slimane,MA,101541,9,172.7,0,0
Africa/Casablanca,Errachidia,MA,100870,18,350.2,0,0
Africa/Casablanca,Guercif,MA,99238,19,399.2,0,0
Africa/Casablanca,Oulad Teïma,MA,97608,15,385.7,0,0
Africa/Casablanca,Ben Guerir,MA,96777,5,153.2,0,0
Africa/Casablanca,Ouislane,MA,95995,10,199.5,0,0
Africa/Casablanca,Tiflet,MA,94684,6,125.4,0,0
Africa/Casablanca,Lqoliaa,MA,90890,16,405.6,0,0
Africa/Casablanca,Taroudant,MA,87520,14,366.7,0,0
Africa/Casablanca,Sefrou,MA,87234,12,258.9,0,0
Africa/Casablanca,Essaouira,MA,85137,14,306.9,0,0
Africa/Casablanca,Fnidek,MA,84558,15,325.0,0,0
Africa/Casablanca,Sidi Kacem,MA,82632,10,189.3,0,0
Africa/Casablanca,Tiznit,MA,81569,19,476.9,0,0
Africa/Casablanca,Tan-Tan,MA,79942,28,662.2,0,0
Africa/Casablanca,Ouarzazate,MA,77603,11,304.4,0,0
Africa/Casablanca,Souk El Arbaa,MA,75635,10,191.7,0,0
Africa/Casablanca,Youssoufia,MA,73848,7,172.1,0,0
Africa/Casablanca,Ifrane,MA,73782,11,231.9,0,0
Africa/Casablanca,Lahraouyine,MA,70783,1,9.3,0,0
Africa/Casablanca,Martil,MA,70274,15,310.8,0,0
Africa/Casablanca,Aïn Harrouda,MA,68161,1,15.9,0,0
Africa/Casablanca,Souq Sebt Oulad Nemma,MA,65601,8,166.7,0,0
Africa/Casablanca,Skhirate,MA,65272,3,61.1,0,0
Africa/Casablanca,Ouezzane,MA,65088,12,230.2,0,0
Africa/Casablanca,Benslimane,MA,62352,2,45.5,0,0
Africa/Casablanca,Beni Enzar,MA,61786,23,467.8,0,0
Africa/Casablanca,Mdiq,MA,61398,15,312.8,0,0
Africa/Casablanca,Sidi Bennour,MA,60948,6,128.9,0,0
Africa/Casablanca,Midelt,MA,60390,14,285.1,0,0
Africa/Casablanca,Azrou,MA,59348,10,222.2,0,0
Africa/Casablanca,Tirhanimîne,MA,55827,19,382.2,0,0
Africa/Casablanca,My Drarga,MA,55631,16,397.9,0,0
Africa/Casablanca,Dakhla,MA,55618,16,397.9,0,0
Africa/Casablanca,Ain El Aouda,MA,54397,4,79.3,0,0
Africa/Casablanca,Ben Jerrar,MA,53026,17,410.7,0,0
Africa/Casablanca,Ad Darwa,MA,52108,1,24.8,0,0
Africa/Casablanca,Al Aaroui,MA,51976,22,451.3,0,0
Africa/Casablanca,Kasba Tadla,MA,51697,9,166.7,0,0
Africa/Casablanca,Bejaâd,MA,51206,8,145.3,0,0
Africa/Casablanca,Sidi Taibi,MA,51050,6,108.6,0,0
Africa/Casablanca,Jerada,MA,47507,24,509.1,0,0
Africa/Casablanca,Chefchaouen,MA,46721,14,278.0,0,0
Africa/Casablanca,Mrirt,MA,46660,10,195.6,0,0
Africa/Casablanca,Tinghir,MA,45911,15,301.8,0,0
Africa/Casablanca,El Aïoun,MA,45679,23,482.9,0,0
Africa/Casablanca,Azemmour,MA,44683,4,75.5,0,0
Africa/Casablanca,Souq Larb’a al Gharb,MA,44059,10,191.9,0,0
Africa/Casablanca,Zagora,MA,43752,17,398.8,0,0
Africa/Casablanca,Ait Ourir,MA,42705,6,225.0,0,0
Africa/Casablanca,Azilal,MA,42062,9,205.4,0,0
Africa/Casablanca,Smara,MA,42056,34,855.7,0,0
Africa/Casablanca,Sidi Yahia El Gharb,MA,41472,7,144.5,0,0
Africa/Casablanca,Tine Biougra,MA,41421,16,411.1,0,0
Africa/Casablanca,Taounate,MA,41075,15,293.3,0,0
Africa/Casablanca,Bouznika,MA,40663,3,47.4,0,0
Africa/Casablanca,Had Soualem,MA,40146,2,29.2,0,0
Africa/Casablanca,Imzouren,MA,40000,19,386.2,0,0
Africa/Casablanca,Zaïo,MA,39099,23,472.9,0,0
Africa/Casablanca,Aourir,MA,38617,17,393.6,0,0
Africa/Casablanca,El Hajeb,MA,38527,10,207.7,0,0
Africa/Casablanca,Zeghanghane,MA,37154,23,457.4,0,0
Africa/Casablanca,Ben Ahmed,MA,36149,3,67.4,0,0
Africa/Casablanca,Tit Mellil,MA,35797,1,12.1,0,0
Africa/Casablanca,Mechraa Bel Ksiri,MA,34393,9,187.8,0,0
Africa/Casablanca,Asilah,MA,34011,12,253.8,0,0
Africa/Casablanca,Tabount,MA,33929,11,305.6,0,0
Africa/Casablanca,Laâttaouia,MA,33103,7,196.9,0,0
Africa/Casablanca,Sidi Slimane Echcharaa,MA,32979,25,505.3,0,0
Africa/Casablanca,Demnate,MA,32217,8,213.8,0,0
Africa/Casablanca,Arfoud,MA,31971,20,397.1,0,0
Africa/Casablanca,Bouarfa,MA,31499,26,539.3,0,0
Africa/Casablanca,Souk et Tnine Jorf el Mellah,MA,31318,11,218.2,0,0
Africa/Casablanca,Mehdya,MA,31269,6,114.0,0,0
Africa/Casablanca,Aïn Taoujdat,MA,30889,11,225.0,0,0
Africa/Casablanca,Tamesna,MA,30705,4,69.2,0,0
Africa/Casablanca,Oadar Temsia,MA,30526,16,396.5,0,0
Africa/Casablanca,Chichaoua,MA,30432,10,251.7,0,0
Africa/Casablanca,Tahla,MA,30279,14,299.1,0,0
Africa/Casablanca,Sabaa Aiyoun,MA,28693,10,210.3,0,0
Africa/Casablanca,Rich,MA,28382,17,325.8,0,0
Africa/Casablanca,Missour,MA,27937,16,341.8,0,0
Africa/Casablanca,Zawyat ech Cheïkh,MA,27723,10,189.4,0,0
Africa/Casablanca,Bouknadel,MA,27577,5,99.8,0,0
Africa/Casablanca,Aïn Attig,MA,27384,4,68.2,0,0
Africa/Casablanca,Tamansourt,MA,27383,7,209.1,0,0
Africa/Casablanca,Echemmaia Est,MA,26538,8,192.5,0,0
Africa/Casablanca,Oulad Barhil,MA,26521,12,337.6,0,0
Africa/Casablanca,Bir Jdid,MA,26355,2,42.8,0,0
Africa/Casablanca,Oulad Ayad,MA,26008,8,172.0,0,0
Africa/Casablanca,Zawyat an Nwaçer,MA,25991,1,23.2,0,0
Africa/Casablanca,Gueznaia,MA,25771,13,282.9,0,0
Africa/Casablanca,Mediouna,MA,24506,1,17.4,0,0
Africa/Casablanca,Moulay Ali Cherif,MA,24251,20,405.4,0,0
Africa/Casablanca,Sidi Ifni,MA,23606,22,527.2,0,0
Africa/Casablanca,Selouane,MA,23553,23,459.4,0,0
Africa/Casablanca,Azla,MA,22985,15,307.7,0,0
Africa/Casablanca,El Gara,MA,22773,3,49.3,0,0
Africa/Casablanca,Imi-n-Tanout,MA,22753,12,292.7,0,0
Africa/Casablanca,Sidi Rahal,MA,22525,2,32.6,0,0
Africa/Casablanca,New Fes,MA,22451,12,246.1,0,0
Africa/Casablanca,Ras el Ma,MA,22345,11,236.4,0,0
Africa/Casablanca,Setti Fatma,MA,22283,7,262.9,0,0
Africa/Casablanca,El Ksiba,MA,21840,10,186.4,0,0
Africa/Casablanca,El Mansouria,MA,21679,2,33.6,0,0
Africa/Casablanca,Ahfir,MA,21435,26,528.6,0,0
Africa/Casablanca,Al Brouj,MA,21004,5,126.7,0,0
Africa/Casablanca,Imouzzer Kandar,MA,20884,11,241.2,0,0
Africa/Casablanca,Douar Toulal,MA,20831,9,189.2,0,0
Africa/Casablanca,Karia Ba Mohamed,MA,20487,12,237.6,0,0
Africa/Casablanca,Reçani,MA,20469,20,405.3,0,0
Africa/Casablanca,Tata,MA,20322,12,428.8,0,0
Africa/Casablanca,Sebt Gzoula,MA,20248,10,214.5,0,0
Africa/Casablanca,Bni Bouayach,MA,19951,19,385.1,0,0
Africa/Casablanca,Beni Yakhlef,MA,19622,2,27.4,0,0
Africa/Casablanca,Oulmes,MA,19014,7,150.4,0,0
Africa/Casablanca,Aoulouz,MA,19010,10,328.6,0,0
Africa/Casablanca,Asni,MA,18674,8,262.7,0,0
Africa/Casablanca,Kelaat Mgouna,MA,18515,13,295.1,0,0
Africa/Casablanca,Méchouar-Kasba,MA,18410,7,223.8,0,0
Africa/Casablanca,Ribat Al Khayr,MA,18278,14,297.5,0,0
Africa/Casablanca,Agouraï,MA,18182,9,188.2,0,0
Africa/Casablanca,Tamallalt,MA,18060,6,197.0,0,0
Africa/Casablanca,Goulmima,MA,17929,16,326.2,0,0
Africa/Casablanca,Outat Oulad Al Haj,MA,17895,17,363.4,0,0
Africa/Casablanca,Aïn Beni Mathar,MA,17787,24,517.6,0,0
Africa/Casablanca,Boujniba,MA,17504,6,109.1,0,0
Africa/Casablanca,Mers El Kheir,MA,17352,4,70.0,0,0
Africa/Casablanca,Sidi Allal El Bahraoui,MA,17325,6,110.2,0,0
Africa/Casablanca,Lalla Mimouna,MA,17217,10,199.3,0,0
Africa/Casablanca,Boumia,MA,17091,13,252.6,0,0
Africa/Casablanca,El Harhoura,MA,16773,4,74.3,0,0
Africa/Casablanca,Midar,MA,16402,20,403.8,0,0
Africa/Casablanca,Driouch,MA,16096,21,418.3,0,0
Africa/Casablanca,Assa,MA,15910,20,580.0,0,0
Africa/Casablanca,Amizmiz,MA,15685,9,270.1,0,0
Africa/Casablanca,Ait Yazza,MA,15570,13,361.0,0,0
Africa/Casablanca,Ben Taieb,MA,15568,21,414.7,0,0
Africa/Casablanca,Bou Izakarn,MA,15536,20,529.4,0,0
Africa/Casablanca,Oulad Tayeb,MA,15491,12,245.1,0,0
Africa/Casablanca,Aguelmous,MA,15480,9,170.6,0,0
Europe/Skopje,Skopje,MK,474889,0,0.0,0,0
Europe/Skopje,Kumanovo,MK,75051,2,27.9,0,0
Europe/Skopje,Prilep,MK,73814,3,73.1,0,0
Europe/Skopje,Bitola,MK,69287,4,107.5,0,0
Europe/Skopje,Čair,MK,64773,1,2.2,0,0
Europe/Skopje,Tetovo,MK,63176,2,38.0,0,0
Europe/Skopje,Kisela Voda,MK,58216,1,7.9,0,0
Europe/Skopje,Veles,MK,57873,3,41.9,0,0
Europe/Skopje,Gostivar,MK,50974,3,48.7,0,0
Europe/Skopje,Shtip,MK,48279,4,69.2,0,0
Europe/Skopje,Centar Župa,MK,45412,6,92.5,0,0
Europe/Skopje,Ohrid,MK,42033,6,110.9,0,0
Europe/Skopje,Gjorče Petro,MK,41000,1,6.6,0,0
Europe/Skopje,Kavadarci,MK,38799,5,79.0,0,0
Europe/Skopje,Struga,MK,37387,6,110.5,0,0
Europe/Skopje,Butel,MK,36154,1,4.0,0,0
Europe/Skopje,Kochani,MK,34258,5,81.6,0,0
Europe/Skopje,Strumica,MK,33825,7,118.2,0,0
Europe/Skopje,Kičevo,MK,31123,4,66.6,0,0
Europe/Skopje,Lipkovo,MK,28102,2,21.9,0,0
Europe/Skopje,Zelino,MK,25422,2,30.4,0,0
Europe/Skopje,Saraj,MK,25379,1,8.6,0,0
Europe/Skopje,Radovis,MK,24984,6,94.4,0,0
Europe/Skopje,Tearce,MK,23096,2,32.6,0,0
Europe/Skopje,Kriva Palanka,MK,20820,5,77.9,0,0
Europe/Skopje,Šuto Orizare,MK,20800,1,4.9,0,0
Europe/Skopje,Gevgelija,MK,20664,8,130.1,0,0
Europe/Skopje,Negotino,MK,19515,5,78.9,0,0
Europe/Skopje,Studeničani,MK,18219,1,11.9,0,0
Europe/Skopje,Vinica,MK,18218,5,90.2,0,0
Europe/Skopje,Debar,MK,18074,6,92.0,0,0
Europe/Skopje,Negotino,MK,17518,3,47.2,0,0
Europe/Skopje,Delcevo,MK,17415,6,110.6,0,0
Europe/Skopje,Resen,MK,16539,5,106.8,0,0
Europe/Skopje,Ilinden,MK,16406,1,12.4,0,0
Europe/Skopje,Brvenica,MK,16267,2,37.4,0,0
Europe/Skopje,Kamenjane,MK,15376,3,41.9,0,0
Europe/Skopje,Bogovinje,MK,15166,3,43.5,0,0
Africa/Bamako,Bamako,ML,4227569,0,0.0,0,0
Africa/Bamako,Sikasso,ML,349324,13,289.3,0,0
Africa/Bamako,Koutiala,ML,218031,11,273.6,0,0
Africa/Bamako,Ségou,ML,205787,9,207.6,0,0
Africa/Bamako,Kayes,ML,194716,19,427.1,0,0
Africa/Bamako,Mopti,ML,186187,20,459.9,0,0
Africa/Bamako,Kalaban Koro,ML,148247,1,7.1,0,0
Africa/Bamako,Gao,ML,133110,41,945.9,0,0
Africa/Bamako,Kati,ML,130254,1,18.3,0,0
Africa/Bamako,San,ML,103227,14,342.3,0,0
Africa/Bamako,Bougouni,ML,90234,5,142.9,0,0
Africa/Bamako,Timbuktu,ML,84208,31,706.9,0,0
Africa/Bamako,Kita,ML,75598,7,170.9,0,0
Africa/Bamako,Dialakorodji,ML,70619,1,10.6,0,0
Africa/Bamako,Koulikoro,ML,64128,3,53.1,0,0
Africa/Bamako,Fana,ML,56809,5,112.1,0,0
Africa/Bamako,Markala,ML,53738,11,238.1,0,0
Africa/Bamako,Niono,ML,52584,12,282.1,0,0
Africa/Bamako,Nioro,ML,51933,13,339.8,0,0
Africa/Bamako,Pèlèngana,ML,50552,9,210.6,0,0
Africa/Bamako,Kolokani,ML,48774,3,107.5,0,0
Africa/Bamako,Bourem,ML,42371,42,951.5,0,0
Africa/Bamako,Sangarébougou,ML,42314,1,13.3,0,0
Africa/Bamako,Massiogo,ML,41317,13,326.9,0,0
Africa/Bamako,Djenné,ML,40489,17,397.4,0,0
Africa/Bamako,Kidal,ML,40030,53,1196.0,0,0
Africa/Bamako,Kadiolo,ML,38149,14,332.1,0,0
Africa/Bamako,Douentza,ML,37002,26,604.3,0,0
Africa/Bamako,Bla,ML,33779,10,243.7,0,0
Africa/Bamako,Moninnpébougou,ML,32899,14,316.0,0,0
Africa/Bamako,Zégoua,ML,31593,15,346.2,0,0
Africa/Bamako,Diré,ML,31348,28,638.0,0,0
Africa/Bamako,Diéma,ML,30592,10,251.8,0,0
Africa/Bamako,Banamba,ML,30591,5,119.0,0,0
Africa/Bamako,Bankass,ML,30159,22,509.3,0,0
Africa/Bamako,Bamba,ML,28524,9,263.3,0,0
Africa/Bamako,Bafoulabé,ML,26823,15,336.9,0,0
Africa/Bamako,Mahina,ML,26754,12,271.2,0,0
Africa/Bamako,Sibi,ML,26633,2,46.9,0,0
Africa/Bamako,Diourou,ML,26559,12,261.2,0,0
Africa/Bamako,Bandiagara,ML,26460,22,510.1,0,0
Africa/Bamako,Dougabougou,ML,26399,11,241.8,0,0
Africa/Bamako,Koro,ML,24694,23,554.3,0,0
Africa/Bamako,Yanfolila,ML,24399,4,159.7,0,0
Africa/Bamako,Siribala Coro,ML,24301,11,257.5,0,0
Africa/Bamako,Kabala,ML,24241,1,11.6,0,0
Africa/Bamako,Finnkolo,ML,24229,13,306.8,0,0
Africa/Bamako,Moribabougou,ML,24085,1,14.9,0,0
Africa/Bamako,Nara,ML,23599,9,294.1,0,0
Africa/Bamako,Dioïla,ML,23535,5,127.9,0,0
Africa/Bamako,Kouri,ML,22991,14,347.8,0,0
Africa/Bamako,Sirakoro Méguétana,ML,22499,1,8.2,0,0
Africa/Bamako,I-n-Tillit,ML,22100,38,873.7,0,0
Africa/Bamako,Toubakoura,ML,22059,5,114.7,0,0
Africa/Bamako,Goundam,ML,19400,27,627.4,0,0
Africa/Bamako,Andéranboukan,ML,18688,51,1226.4,0,0
Africa/Bamako,Yorosso,ML,17447,14,348.3,0,0
Africa/Bamako,Kangaba,ML,17232,4,89.2,0,0
Africa/Bamako,Sagalo,ML,15830,12,299.4,0,0
Africa/Bamako,Ké-Macina,ML,15750,14,320.8,0,0
Africa/Nouakchott,Nouakchott,MR,1184530,0,0.0,0,0
Africa/Nouakchott,Nouadhibou,MR,146048,12,336.4,0,0
Africa/Nouakchott,Kiffa,MR,62051,22,512.3,0,0
Africa/Nouakchott,Dar Naim,MR,61089,1,6.0,0,0
Africa/Nouakchott,Néma,MR,60000,39,939.9,0,0
Africa/Nouakchott,Mbera,MR,58985,47,1111.3,0,0
Africa/Nouakchott,Ksar,MR,57758,1,2.7,0,0
Africa/Nouakchott,Kaédi,MR,56283,15,339.6,0,0
Africa/Nouakchott,Zouérat,MR,55183,28,633.1,0,0
Africa/Nouakchott,Tevragh Zeina,MR,48093,1,1.8,0,0
Africa/Nouakchott,Bougadoum,MR,40341,40,948.1,0,0
Africa/Nouakchott,Sélibaby,MR,32653,23,519.0,0,0
Africa/Nouakchott,Atar,MR,31133,19,409.7,0,0
Africa/Nouakchott,Ayoun El Atrous,MR,28174,29,693.6,0,0
Africa/Nouakchott,Guerou,MR,27590,19,432.4,0,0
Africa/Nouakchott,Boutilimitt,MR,27170,7,148.3,0,0
Africa/Nouakchott,El ’Ayoûn,MR,22896,26,582.9,0,0
Africa/Nouakchott,Tékane,MR,22041,7,178.0,0,0
Africa/Nouakchott,Bogué,MR,20291,11,246.5,0,0
Africa/Nouakchott,Aleg,MR,19183,11,247.2,0,0
Africa/Nouakchott,Tembedgha,MR,17465,36,854.1,0,0
Africa/Nouakchott,Rosso,MR,15870,5,175.8,0,0
Africa/Nouakchott,Akjoujt,MR,15851,11,249.0,0,0
Africa/Nouakchott,Ṭinṭâne,MR,15684,28,644.5,0,0
Africa/Nouakchott,Elghabra,MR,15480,17,385.7,0,0
Africa/Nouakchott,Magṭa‘ Laḥjar,MR,15446,13,312.3,0,0
Indian/Maldives,Male,MV,103693,0,0.0,0,0
Asia/Kuala_Lumpur,Kuala Lumpur,MY,1453975,0,0.0,0,0
Asia/Kuala_Lumpur,Johor Bahru,MY,858118,12,296.1,0,0
Asia/Kuala_Lumpur,Kampung Baru Subang,MY,833571,1,17.0,0,0
Asia/Kuala_Lumpur,Petaling Jaya,MY,807879,1,9.6,0,0
Asia/Kuala_Lumpur,Ipoh,MY,759952,5,173.9,0,0
Asia/Kuala_Lumpur,Shah Alam,MY,740750,1,18.2,0,0
Asia/Kuala_Lumpur,Subang Jaya,MY,708296,1,16.0,0,0
Asia/Kuala_Lumpur,Bukit Rahman Putra,MY,607000,1,16.3,0,0
Asia/Kuala_Lumpur,Pelentong,MY,583640,12,297.9,0,0
Asia/Kuala_Lumpur,Malacca,MY,579000,4,121.8,0,0
Asia/Kuala_Lumpur,Iskandar Puteri,MY,575977,11,290.0,0,0
Asia/Kuala_Lumpur,Kota Bharu,MY,568900,8,337.3,0,0
Asia/Kuala_Lumpur,Kuantan,MY,548014,8,196.5,0,0
Asia/Kuala_Lumpur,Kota Kuala Muda,MY,544984,10,308.7,0,0
Asia/Kuala_Lumpur,Sungai Petani,MY,544851,10,308.7,0,0
Asia/Kuala_Lumpur,Selayang Baru Utara,MY,542409,1,12.8,0,0
Asia/Kuala_Lumpur,Pasir Gudang,MY,534659,12,309.2,0,0
Asia/Kuala_Lumpur,Mukim Pulai,MY,505661,11,283.5,0,0
Asia/Kuala_Lumpur,Kampung Larkin Lama,MY,500000,11,292.3,0,0
Asia/Kuala_Lumpur,Kota Damansara,MY,500000,1,11.9,0,0
Asia/Kuala_Lumpur,Kuala Terengganu,MY,426500,10,292.0,0,0
Asia/Kuala_Lumpur,Taman Petaling,MY,423062,1,7.6,0,0
Asia/Kuala_Lumpur,Alor Setar,MY,417800,11,362.5,0,0
Asia/Kuala_Lumpur,Kampung Kangkar Teberau,MY,412373,11,291.2,0,0
Asia/Kuala_Lumpur,Puchong,MY,375181,1,17.5,0,0
Asia/Kuala_Lumpur,Seremban,MY,372917,2,53.6,0,0
Asia/Kuala_Lumpur,Setapak,MY,353268,1,8.6,0,0
Asia/Kuala_Lumpur,Kluang,MY,323762,9,219.2,0,0
Asia/Kuala_Lumpur,Muar,MY,314776,6,156.5,0,0
Asia/Kuala_Lumpur,Kapar,MY,269627,2,33.7,0,0
Asia/Kuala_Lumpur,Batu Caves,MY,254083,1,10.8,0,0
Asia/Kuala_Lumpur,Klang,MY,240016,2,29.4,0,0
Asia/Kuala_Lumpur,Kajang,MY,236240,1,19.9,0,0
Asia/Kuala_Lumpur,Teluk Intan,MY,232800,5,122.7,0,0
Asia/Kuala_Lumpur,Kampong Baharu Cheras Batu Sebelas,MY,232100,1,13.5,0,0
Asia/Kuala_Lumpur,Pasir Mas,MY,230424,8,327.3,0,0
Asia/Kuala_Lumpur,Paya Terubong,MY,226712,10,293.1,0,0
Asia/Kuala_Lumpur,Sungai Buloh,MY,222858,1,15.9,0,0
Asia/Kuala_Lumpur,Bandar Seri Alam,MY,220000,12,303.7,0,0
Asia/Kuala_Lumpur,Taiping,MY,217647,7,217.4,0,0
Asia/Kuala_Lumpur,Wangsa Maju,MY,215600,1,8.9,0,0
Asia/Kuala_Lumpur,Bukit Mertajam,MY,212329,9,281.7,0,0
Asia/Kuala_Lumpur,Sepang,MY,212050,1,50.3,0,0
Asia/Kuala_Lumpur,Bandar Sunway,MY,200000,1,11.9,0,0
Asia/Kuala_Lumpur,Bandar Utama,MY,200000,1,8.1,0,0
Asia/Kuala_Lumpur,Bukit Jalil,MY,200000,1,10.3,0,0
Asia/Kuala_Lumpur,Rawang,MY,199095,1,23.4,0,0
Asia/Kuala_Lumpur,Kuala Kubu Baharu,MY,194387,1,47.1,0,0
Asia/Kuala_Lumpur,Kulim,MY,170889,9,276.9,0,0
Asia/Kuala_Lumpur,Skudai,MY,159733,11,282.4,0,0
Asia/Kuala_Lumpur,George Town,MY,158336,10,293.5,0,0
Asia/Kuala_Lumpur,Batu Pahat,MY,156236,8,199.0,0,0
Asia/Kuala_Lumpur,Sitiawan,MY,156234,6,162.2,0,0
Asia/Kuala_Lumpur,Bercham,MY,150000,5,177.5,0,0
Asia/Kuala_Lumpur,Setia Alam,MY,150000,1,26.0,0,0
Asia/Kuala_Lumpur,Bandar Tasik Puteri,MY,150000,2,28.5,0,0
Asia/Kuala_Lumpur,Bandar Bukit Raja,MY,146534,2,28.7,0,0
Asia/Kuala_Lumpur,Kampung Pasir Gudang Baru,MY,145639,12,306.1,0,0
Asia/Kuala_Lumpur,Kampung Sungai Glugur,MY,145600,10,290.8,0,0
Asia/Kuala_Lumpur,Masai,MY,141730,12,305.0,0,0
Asia/Kuala_Lumpur,Kampung Sungai Ara,MY,140849,10,289.2,0,0
Asia/Kuala_Lumpur,Pasir Puteh,MY,137400,8,309.6,0,0
Asia/Kuala_Lumpur,Cheras,MY,135823,1,5.7,0,0
Asia/Kuala_Lumpur,Tasek Glugor,MY,135786,9,291.6,0,0
Asia/Kuala_Lumpur,Bayan Lepas,MY,130455,10,287.4,0,0
Asia/Kuala_Lumpur,Seri Kembangan,MY,130252,1,12.5,0,0
Asia/Kuala_Lumpur,Ampang,MY,126285,1,9.0,0,0
Asia/Kuala_Lumpur,Titiwangsa,MY,122096,1,4.5,0,0
Asia/Kuala_Lumpur,Bukit Bintang,MY,120529,1,2.7,0,0
Asia/Kuala_Lumpur,Port Dickson,MY,119300,2,69.6,0,0
Asia/Kuala_Lumpur,Maran,MY,111056,6,130.3,0,0
Asia/Kuala_Lumpur,Butterworth,MY,107591,10,290.8,0,0
Asia/Kuala_Lumpur,Kuala Krai,MY,105007,7,271.8,0,0
Asia/Kuala_Lumpur,Perling,MY,101263,11,288.7,0,0
Asia/Kuala_Lumpur,Ijok,MY,100899,2,37.3,0,0
Asia/Kuala_Lumpur,Sentul,MY,100000,1,4.7,0,0
Asia/Kuala_Lumpur,Seri Manjung,MY,100000,6,162.9,0,0
Asia/Kuala_Lumpur,Bandar Mahkota Cheras,MY,100000,1,15.7,0,0
Asia/Kuala_Lumpur,Taman Melawati,MY,99304,1,10.3,0,0
Asia/Kuala_Lumpur,Pagoh,MY,95202,6,163.3,0,0
Asia/Kuala_Lumpur,Labuan,MY,95120,59,1522.4,0,0
Asia/Kuala_Lumpur,Pendang,MY,94033,10,344.4,0,0
Asia/Kuala_Lumpur,Bandar Kinrara,MY,93822,1,11.4,0,0
Asia/Kuala_Lumpur,Kuala Nerus,MY,93485,10,288.9,0,0
Asia/Kuala_Lumpur,Semenyih,MY,92491,1,27.3,0,0
Asia/Kuala_Lumpur,Val Dor,MY,88600,9,269.6,0,0
Asia/Kuala_Lumpur,Kampung Manjoi,MY,86266,5,178.1,0,0
Asia/Kuala_Lumpur,Kepong,MY,85960,1,9.6,0,0
Asia/Kuala_Lumpur,Damansara Damai,MY,85000,1,12.3,0,0
Asia/Kuala_Lumpur,Kampung Sungai Kajang,MY,84031,3,64.7,0,0
Asia/Kuala_Lumpur,Cukai,MY,82425,9,228.2,0,0
Asia/Kuala_Lumpur,Parit Sulung,MY,82399,7,185.6,0,0
Asia/Kuala_Lumpur,Cyberjaya,MY,79200,1,24.5,0,0
Asia/Kuala_Lumpur,Ulu Tiram,MY,75350,12,292.2,0,0
Asia/Kuala_Lumpur,Taman Senai,MY,73176,11,276.7,0,0
Asia/Kuala_Lumpur,Bandar Saujana Utama,MY,72000,1,24.3,0,0
Asia/Kuala_Lumpur,Serendah,MY,71202,1,26.5,0,0
Asia/Kuala_Lumpur,Segamat,MY,69816,6,143.5,0,0
Asia/Kuala_Lumpur,Kampung Baru Balakong,MY,69302,1,14.1,0,0
Asia/Kuala_Lumpur,Yan Besar,MY,67653,11,329.5,0,0
Asia/Kuala_Lumpur,Tanjong Malim,MY,66103,2,62.8,0,0
Asia/Kuala_Lumpur,Johor Jaya,MY,66000,12,295.5,0,0
Asia/Kuala_Lumpur,Perai,MY,65301,10,288.2,0,0
Asia/Kuala_Lumpur,Taman Senawang Indah,MY,64497,2,60.3,0,0
Asia/Kuala_Lumpur,Gelang Patah,MY,64375,11,282.9,0,0
Asia/Kuala_Lumpur,Kangar,MY,63869,12,402.3,0,0
Asia/Kuala_Lumpur,Kulai,MY,63762,11,269.5,0,0
Asia/Kuala_Lumpur,Jelutong,MY,63507,10,292.4,0,0
Asia/Kuala_Lumpur,Jitra,MY,63489,11,374.9,0,0
Asia/Kuala_Lumpur,Kempas,MY,62011,11,285.0,0,0
Asia/Kuala_Lumpur,Seremban 2,MY,62000,2,55.9,0,0
Asia/Kuala_Lumpur,Parit,MY,60988,6,172.0,0,0
Asia/Kuala_Lumpur,Kampong Sidam,MY,60983,9,293.5,0,0
Asia/Kuala_Lumpur,Setia Tropika,MY,60279,11,287.1,0,0
Asia/Kuala_Lumpur,Putra Heights,MY,60000,1,20.7,0,0
Asia/Kuala_Lumpur,Ara Damansara,MY,60000,1,11.4,0,0
Asia/Kuala_Lumpur,Bukit Indah,MY,60000,11,286.7,0,0
Asia/Kuala_Lumpur,Temerluh,MY,59916,4,88.1,0,0
Asia/Kuala_Lumpur,Simpang Renggam,MY,59033,9,232.3,0,0
Asia/Kuala_Lumpur,Kampong Dungun,MY,58674,2,41.9,0,0
Asia/Kuala_Lumpur,Simpang Empat,MY,58004,8,232.6,0,0
Asia/Kuala_Lumpur,Kuala Selangor,MY,55887,3,53.7,0,0
Asia/Kuala_Lumpur,Kampung Bukit Baharu,MY,55656,4,122.6,0,0
Asia/Kuala_Lumpur,Hulu Langat,MY,55251,1,14.5,0,0
Asia/Kuala_Lumpur,Bukit Tengah,MY,54416,9,281.5,0,0
Asia/Kuala_Lumpur,Pandamaran,MY,53916,2,32.9,0,0
Asia/Kuala_Lumpur,Kota Tinggi,MY,52743,12,291.2,0,0
Asia/Kuala_Lumpur,Padang Serai,MY,50757,9,292.1,0,0
Asia/Kuala_Lumpur,Putrajaya,MY,50000,1,22.9,0,0
Asia/Kuala_Lumpur,Sri Petaling,MY,50000,1,8.1,0,0
Asia/Kuala_Lumpur,Taman Melati,MY,50000,1,9.8,0,0
Asia/Kuala_Lumpur,Kuchai Lama,MY,50000,1,6.3,0,0
Asia/Kuala_Lumpur,Bentong Town,MY,49213,2,49.0,0,0
Asia/Kuala_Lumpur,Teluk Panglima Garang,MY,49155,2,35.5,0,0
Asia/Kuala_Lumpur,Sungai Siput,MY,49000,4,149.7,0,0
Asia/Kuala_Lumpur,Bandar Sri Damansara,MY,48556,1,10.0,0,0
Asia/Kuala_Lumpur,Banting,MY,48240,2,41.8,0,0
Asia/Kuala_Lumpur,Bedong,MY,47585,10,315.8,0,0
Asia/Kuala_Lumpur,Batu Gajah,MY,46183,5,164.1,0,0
Asia/Kuala_Lumpur,Bangi,MY,45042,1,28.9,0,0
Asia/Kuala_Lumpur,Taman Permas Jaya,MY,45000,12,298.4,0,0
Asia/Kuala_Lumpur,Elmina,MY,45000,1,18.6,0,0
Asia/Kuala_Lumpur,Kampung Perak,MY,44964,5,128.5,0,0
Asia/Kuala_Lumpur,Bandar Baharu,MY,44412,9,258.0,0,0
Asia/Kuala_Lumpur,Durian Tunggal,MY,42185,4,113.3,0,0
Asia/Kuala_Lumpur,Mentakab,MY,42171,4,82.8,0,0
Asia/Kuala_Lumpur,Rompin,MY,41931,4,102.8,0,0
Asia/Kuala_Lumpur,Taman Greenwood,MY,41699,1,10.3,0,0
Asia/Kuala_Lumpur,Pontian Besar,MY,40613,10,261.8,0,0
Asia/Kuala_Lumpur,Bentung,MY,40373,2,49.7,0,0
Asia/Kuala_Lumpur,Nibong Tebal,MY,40072,9,262.0,0,0
Asia/Kuala_Lumpur,Raub,MY,40024,2,74.6,0,0
Asia/Kuala_Lumpur,Bukit Gambir,MY,40000,6,149.2,0,0
Asia/Kuala_Lumpur,Bangsar,MY,40000,1,2.2,0,0
Asia/Kuala_Lumpur,Bandar Tun Hussein Onn,MY,40000,1,12.6,0,0
Asia/Kuala_Lumpur,Taman Sri Sinar,MY,40000,1,6.4,0,0
Asia/Kuala_Lumpur,Kampong Pangkal Kalong,MY,39904,8,314.2,0,0
Asia/Kuala_Lumpur,Lumut,MY,39595,6,168.7,0,0
Asia/Kuala_Lumpur,Kuala Kangsar,MY,39331,6,199.1,0,0
Asia/Kuala_Lumpur,Bandar Country Homes,MY,39000,1,27.0,0,0
Asia/Kuala_Lumpur,Kampung Setia,MY,38870,1,20.4,0,0
Asia/Kuala_Lumpur,Klebang Besar,MY,38643,4,117.3,0,0
Asia/Kuala_Lumpur,Kampung Baharu Nilai,MY,38612,1,39.5,0,0
Asia/Kuala_Lumpur,Padang Rengas,MY,38294,7,203.2,0,0
Asia/Kuala_Lumpur,Kampung Alor Mengkudu,MY,38193,11,357.8,0,0
Asia/Kuala_Lumpur,Kampung Ayer Keroh,MY,37716,4,117.6,0,0
Asia/Kuala_Lumpur,Taman Tun Dr Ismail,MY,37500,1,6.7,0,0
Asia/Kuala_Lumpur,Jawi,MY,36601,9,266.0,0,0
Asia/Kuala_Lumpur,Kamunting,MY,36243,7,220.7,0,0
Asia/Kuala_Lumpur,Tangkak,MY,35109,5,136.2,0,0
Asia/Kuala_Lumpur,Denai Alam,MY,35000,1,19.2,0,0
Asia/Kuala_Lumpur,Alam Damai,MY,35000,1,10.8,0,0
Asia/Kuala_Lumpur,Bukit Kerinchi,MY,35000,1,4.4,0,0
Asia/Kuala_Lumpur,Sungai Lalang,MY,34947,10,312.8,0,0
Asia/Kuala_Lumpur,Selama,MY,34800,8,256.4,0,0
Asia/Kuala_Lumpur,Dungun,MY,34767,10,264.2,0,0
Asia/Kuala_Lumpur,Jerantut,MY,33606,5,115.9,0,0
Asia/Kuala_Lumpur,Gerisek,MY,33217,6,153.7,0,0
Asia/Kuala_Lumpur,Sungkai,MY,32700,3,103.9,0,0
Asia/Kuala_Lumpur,Sik,MY,32565,9,316.8,0,0
Asia/Kuala_Lumpur,Kawasan Penempatan Ulu Sungai Benut,MY,32226,9,234.8,0,0
Asia/Kuala_Lumpur,Kawasan Penempatan Ulu Benut Tiga,MY,32226,9,234.9,0,0
Asia/Kuala_Lumpur,Kawasan Penempatan Ulu Benut Lima,MY,32226,9,239.0,0,0
Asia/Kuala_Lumpur,Taman Pelangi,MY,32000,6,135.9,0,0
Asia/Kuala_Lumpur,Kampung Kerubong,MY,31936,4,113.2,0,0
Asia/Kuala_Lumpur,Pekan,MY,31826,8,193.9,0,0
Asia/Kuala_Lumpur,Bahau,MY,31273,4,88.0,0,0
Asia/Kuala_Lumpur,Kuala Kurau,MY,31065,9,251.1,0,0
Asia/Kuala_Lumpur,Taman Seremban Jaya,MY,31016,2,59.9,0,0
Asia/Kuala_Lumpur,Gerik,MY,30868,7,260.3,0,0
Asia/Kuala_Lumpur,Lahat,MY,30694,5,171.3,0,0
Asia/Kuala_Lumpur,Mont Kiara,MY,30643,1,5.0,0,0
Asia/Kuala_Lumpur,Chemor,MY,30461,5,186.6,0,0
Asia/Kuala_Lumpur,Bakri,MY,30280,6,162.5,0,0
Asia/Kuala_Lumpur,Kuah,MY,30212,14,408.9,0,0
Asia/Kuala_Lumpur,Bidur,MY,30016,4,117.3,0,0
Asia/Kuala_Lumpur,Tokai,MY,30000,11,351.0,0,0
Asia/Kuala_Lumpur,Taman Universiti,MY,30000,11,279.1,0,0
Asia/Kuala_Lumpur,Taman Scientex,MY,30000,12,306.9,0,0
Asia/Kuala_Lumpur,Gemas,MY,29777,5,120.0,0,0
Asia/Kuala_Lumpur,Rembau,MY,29595,3,76.0,0,0
Asia/Kuala_Lumpur,Kampong Masjid Tanah,MY,29185,3,100.1,0,0
Asia/Kuala_Lumpur,Tanah Merah,MY,29116,7,300.1,0,0
Asia/Kuala_Lumpur,Hutan Melintang,MY,28357,5,117.0,0,0
Asia/Kuala_Lumpur,Tampin,MY,28238,4,96.0,0,0
Asia/Kuala_Lumpur,Ulu Kelang,MY,28222,1,10.5,0,0
Asia/Kuala_Lumpur,Sungai Dua,MY,28100,10,291.4,0,0
Asia/Kuala_Lumpur,Tapah Road,MY,27863,4,126.2,0,0
Asia/Kuala_Lumpur,Parit Buntar,MY,27313,9,257.4,0,0
Asia/Kuala_Lumpur,Kubang Semang,MY,27194,9,286.1,0,0
Asia/Kuala_Lumpur,Permatang Kuching,MY,27191,10,296.0,0,0
Asia/Kuala_Lumpur,Yong Peng,MY,27138,8,198.0,0,0
Asia/Kuala_Lumpur,Sungai Besar,MY,26939,4,97.7,0,0
Asia/Kuala_Lumpur,Bandar Sri Sendayan,MY,26127,2,55.9,0,0
Asia/Kuala_Lumpur,Sungai Udang,MY,26044,4,109.4,0,0
Asia/Kuala_Lumpur,Taman OUG,MY,25989,1,7.7,0,0
Asia/Kuala_Lumpur,Cangkat Jong,MY,25618,4,112.7,0,0
Asia/Kuala_Lumpur,SS2,MY,25500,1,7.5,0,0
Asia/Kuala_Lumpur,Batu Berendam,MY,25028,4,117.1,0,0
Asia/Kuala_Lumpur,Bandar Puncak Alam,MY,25000,2,30.7,0,0
Asia/Kuala_Lumpur,Taman Desa,MY,25000,1,3.9,0,0
Asia/Kuala_Lumpur,Jenjarum,MY,24857,2,36.7,0,0
Asia/Kuala_Lumpur,Kampung Jelutong Tengah,MY,24765,11,279.5,0,0
Asia/Kuala_Lumpur,Kertih,MY,24401,10,248.0,0,0
Asia/Kuala_Lumpur,Balik Pulau,MY,23559,10,293.3,0,0
Asia/Kuala_Lumpur,Ladang Seri Kundang,MY,23307,1,24.6,0,0
Asia/Kuala_Lumpur,Pekan Nenas,MY,23292,11,272.3,0,0
Asia/Kuala_Lumpur,Peringat,MY,23288,8,328.3,0,0
Asia/Kuala_Lumpur,Bandar Tun Razak,MY,23247,6,136.0,0,0
Asia/Kuala_Lumpur,Kampung Tanjung Minyak,MY,23074,4,112.8,0,0
Asia/Kuala_Lumpur,Bukit Tambun,MY,22900,9,273.2,0,0
Asia/Kuala_Lumpur,Batu Arang,MY,22579,2,31.2,0,0
Asia/Kuala_Lumpur,Kampung Sedenak,MY,22535,10,259.1,0,0
Asia/Kuala_Lumpur,Tanjung Sepat,MY,22340,2,55.5,0,0
Asia/Kuala_Lumpur,Batu Kurau,MY,22307,7,225.5,0,0
Asia/Kuala_Lumpur,Mersing,MY,22007,10,251.9,0,0
Asia/Kuala_Lumpur,Batu Anam,MY,21923,5,129.6,0,0
Asia/Kuala_Lumpur,Labis,MY,21906,7,170.4,0,0
Asia/Kuala_Lumpur,Kampung Batu Empat,MY,21898,12,286.5,0,0
Asia/Kuala_Lumpur,Bandar Baru Salak Tinggi,MY,21534,1,37.0,0,0
Asia/Kuala_Lumpur,Kampung Teluk Kumbar,MY,21481,10,287.3,0,0
Asia/Kuala_Lumpur,Marang,MY,21410,10,284.7,0,0
Asia/Kuala_Lumpur,Kuang,MY,21185,1,19.7,0,0
Asia/Kuala_Lumpur,Paka,MY,21044,10,255.7,0,0
Asia/Kuala_Lumpur,Bagan Serai,MY,20476,8,243.6,0,0
Asia/Kuala_Lumpur,Hulu Yam Lama,MY,20334,1,35.1,0,0
Asia/Kuala_Lumpur,Alor Gajah,MY,20163,4,102.6,0,0
Asia/Kuala_Lumpur,Bukit Beruntung,MY,20023,1,33.7,0,0
Asia/Kuala_Lumpur,Batang Berjuntai,MY,20001,2,40.3,0,0
Asia/Kuala_Lumpur,Pelabuhan Klang,MY,20000,2,36.2,0,0
Asia/Kuala_Lumpur,Batu Feringgi,MY,20000,10,304.4,0,0
Asia/Kuala_Lumpur,Kampung Selang,MY,20000,7,158.7,0,0
Asia/Kuala_Lumpur,Kampung Hutan Arau,MY,20000,12,397.4,0,0
Asia/Kuala_Lumpur,Tropicana Indah,MY,20000,1,10.6,0,0
Asia/Kuala_Lumpur,Desa Petaling,MY,20000,1,6.8,0,0
Asia/Kuala_Lumpur,Bandar Putra Kulai,MY,19793,11,272.0,0,0
Asia/Kuala_Lumpur,Gua Musang,MY,19731,5,196.3,0,0
Asia/Kuala_Lumpur,Seminyih,MY,19724,1,27.9,0,0
Asia/Kuala_Lumpur,Pokok Sena,MY,19677,11,360.8,0,0
Asia/Kuala_Lumpur,Sungai Jawi,MY,19586,9,264.3,0,0
Asia/Kuala_Lumpur,Kuala Pilah,MY,19510,3,76.8,0,0
Asia/Kuala_Lumpur,Kampung Minyak Beku,MY,19374,8,201.2,0,0
Asia/Kuala_Lumpur,Kampung Teluk Air Tawar,MY,19371,10,297.8,0,0
Asia/Kuala_Lumpur,Kampong Kadok,MY,19233,8,324.0,0,0
Asia/Kuala_Lumpur,Kuala Kedah,MY,19231,11,363.1,0,0
Asia/Kuala_Lumpur,Kuala Ketil,MY,19209,9,296.6,0,0
Asia/Kuala_Lumpur,Kampung Cheng,MY,19158,4,114.1,0,0
Asia/Kuala_Lumpur,Kawasan Perindustrian Cheng,MY,19158,4,115.0,0,0
Asia/Kuala_Lumpur,Pulai,MY,19093,8,292.9,0,0
Asia/Kuala_Lumpur,Kampar,MY,19056,4,141.9,0,0
Asia/Kuala_Lumpur,Kampung Baru Ulu Melaka,MY,18898,14,414.4,0,0
Asia/Kuala_Lumpur,Changloon,MY,18872,12,391.7,0,0
Asia/Kuala_Lumpur,Kampung Kupang,MY,18844,8,292.7,0,0
Asia/Kuala_Lumpur,Horizon Hills,MY,18800,11,287.1,0,0
Asia/Kuala_Lumpur,Relau,MY,18755,10,289.0,0,0
Asia/Kuala_Lumpur,Glugor,MY,18662,10,291.4,0,0
Asia/Kuala_Lumpur,Merlimau,MY,18632,5,137.9,0,0
Asia/Kuala_Lumpur,Seputeh,MY,18605,0,2.8,0,0
Asia/Kuala_Lumpur,FELDA Chini,MY,18493,6,141.9,0,0
Asia/Kuala_Lumpur,Lunas,MY,18236,9,285.0,0,0
Asia/Kuala_Lumpur,Teloi Kanan,MY,17972,9,308.2,0,0
Asia/Kuala_Lumpur,Kampung Jeli,MY,17734,6,285.0,0,0
Asia/Kuala_Lumpur,Kampung Simpang Renggam,MY,17528,9,231.2,0,0
Asia/Kuala_Lumpur,Parit Raja,MY,17441,8,212.4,0,0
Asia/Kuala_Lumpur,Bukit Rambai,MY,17391,4,112.5,0,0
Asia/Kuala_Lumpur,Bukit Gemuroh,MY,17379,10,290.3,0,0
Asia/Kuala_Lumpur,Kepala Batas,MY,17131,10,298.8,0,0
Asia/Kuala_Lumpur,Kampung Bertam Ulu,MY,17119,4,110.1,0,0
Asia/Kuala_Lumpur,Wakaf Baharu,MY,17033,8,335.7,0,0
Asia/Kuala_Lumpur,Ayer Itam,MY,16974,10,295.9,0,0
Asia/Kuala_Lumpur,Kampung Teluk Kemang,MY,16672,2,78.0,0,0
Asia/Kuala_Lumpur,Anak Bukit,MY,16525,11,368.1,0,0
Asia/Kuala_Lumpur,Desa Parkcity,MY,16500,1,8.1,0,0
Asia/Kuala_Lumpur,Lukut,MY,16450,2,65.5,0,0
Asia/Kuala_Lumpur,Kampung Tanjung Karang,MY,16393,3,64.0,0,0
Asia/Kuala_Lumpur,Pantai Remis,MY,16317,7,187.4,0,0
Asia/Kuala_Lumpur,Padang Besar,MY,16235,12,391.9,0,0
Asia/Kuala_Lumpur,Kampung Machap Baru,MY,16000,4,110.6,0,0
Asia/Kuala_Lumpur,Gurun,MY,15964,10,326.5,0,0
Asia/Kuala_Lumpur,Kampung Ayer Molek,MY,15497,5,125.3,0,0
Asia/Kuala_Lumpur,Pengerang,MY,15494,13,334.1,0,0
Asia/Kuala_Lumpur,Kuala Lipis,MY,15448,4,122.7,0,0
Asia/Kuala_Lumpur,Bandar Tenggara,MY,15278,10,256.7,0,0
Asia/Kuching,Kota Kinabalu,MY,500421,0,0.0,0,0
Asia/Kuching,Sandakan,MY,439050,9,226.7,0,0
Asia/Kuching,Kuching,MY,402738,32,804.6,0,0
Asia/Kuching,Tawau,MY,372615,11,278.5,0,0
Asia/Kuching,Miri,MY,300543,12,289.5,0,0
Asia/Kuching,Sibu,MY,198239,24,624.2,0,0
Asia/Kuching,Bintulu,MY,151617,18,459.3,0,0
Asia/Kuching,Lahad Datu,MY,105622,11,271.3,0,0
Asia/Kuching,Marudi,MY,90100,11,278.4,0,0
Asia/Kuching,Putatan,MY,78340,1,5.6,0,0
Asia/Kuching,Donggongon,MY,78086,1,8.2,0,0
Asia/Kuching,Keningau,MY,77650,2,71.5,0,0
Asia/Kuching,Semporna,MY,62641,13,326.5,0,0
Asia/Kuching,Serian,MY,58059,31,811.8,0,0
Asia/Kuching,Bandar Labuan,MY,54752,5,118.8,0,0
Asia/Kuching,Bau,MY,52643,33,829.8,0,0
Asia/Kuching,Niah,MY,48875,14,351.3,0,0
Asia/Kuching,Sri Aman,MY,47313,28,734.2,0,0
Asia/Kuching,Sarikei,MY,44039,26,662.8,0,0
Asia/Kuching,Sipitang,MY,39300,4,115.2,0,0
Asia/Kuching,Limbang,MY,38093,7,179.5,0,0
Asia/Kuching,Betong,MY,36303,27,717.1,0,0
Asia/Kuching,Petagas,MY,35844,1,7.5,0,0
Asia/Kuching,Sibu Jaya,MY,35000,24,615.8,0,0
Asia/Kuching,Mukah,MY,33478,22,558.6,0,0
Asia/Kuching,Kapit,MY,33014,20,563.1,0,0
Asia/Kuching,Kudat,MY,32393,5,131.1,0,0
Asia/Kuching,Tatau,MY,31920,19,495.8,0,0
Asia/Kuching,Bandar Nabawan,MY,31807,3,111.2,0,0
Asia/Kuching,Sebauh,MY,29606,17,444.6,0,0
Asia/Kuching,Tambunan,MY,29294,2,46.2,0,0
Asia/Kuching,Beluru,MY,28695,12,311.1,0,0
Asia/Kuching,Siburan,MY,27286,32,811.5,0,0
Asia/Kuching,Lundu,MY,26372,33,839.5,0,0
Asia/Kuching,Lawas,MY,26002,5,144.1,0,0
Asia/Kuching,Tebedu,MY,25232,32,839.0,0,0
Asia/Kuching,Kanowit,MY,24700,23,612.3,0,0
Asia/Kuching,Kuala Penyu,MY,24200,3,69.0,0,0
Asia/Kuching,Simunjan,MY,23011,30,780.6,0,0
Asia/Kuching,Belaga,MY,22502,16,443.9,0,0
Asia/Kuching,Dalat,MY,21147,22,575.2,0,0
Asia/Kuching,Maradong,MY,20299,25,656.8,0,0
Asia/Kuching,Selangau,MY,19844,22,565.5,0,0
Asia/Kuching,Daro,MY,19477,25,642.5,0,0
Asia/Kuching,Ranau,MY,19294,3,65.5,0,0
Asia/Kuching,Papar,MY,19278,1,31.0,0,0
Asia/Kuching,Saratok,MY,19009,27,706.2,0,0
Asia/Kuching,Beaufort,MY,15855,3,78.6,0,0
Asia/Kuching,Kinarut,MY,15716,1,17.1,0,0
Asia/Kuching,Pakan,MY,15462,26,666.3,0,0
Asia/Kuching,Julau,MY,15333,24,637.3,0,0
Asia/Kuching,Engkilili,MY,15031,27,726.7,0,0
Africa/Niamey,Niamey,NE,1323691,0,0.0,0,0
Africa/Niamey,Maradi,NE,361702,20,539.7,0,0
Africa/Niamey,Zinder,NE,318874,29,743.9,0,0
Africa/Niamey,Tahoua,NE,159468,16,373.3,0,0
Africa/Niamey,Agadez,NE,149549,32,738.9,0,0
Africa/Niamey,Arlit,NE,106448,35,809.1,0,0
Africa/Niamey,Alaghsas,NE,88561,32,743.8,0,0
Africa/Niamey,Birni N Konni,NE,85494,14,340.8,0,0
Africa/Niamey,Dosso,NE,79406,6,128.2,0,0
Africa/Niamey,Gaya,NE,61533,9,232.2,0,0
Africa/Niamey,Tessaoua,NE,58750,24,635.7,0,0
Africa/Niamey,Diffa,NE,54082,43,1136.0,0,0
Africa/Niamey,Dogondoutchi,NE,50037,8,207.6,0,0
Africa/Niamey,Méhana,NE,40593,6,143.8,0,0
Africa/Niamey,Dakoro,NE,39645,21,514.3,0,0
Africa/Niamey,Téra,NE,39410,7,156.5,0,0
Africa/Niamey,Mirriah,NE,38446,29,761.1,0,0
Africa/Niamey,Madaoua,NE,37858,17,420.4,0,0
Africa/Niamey,Matamey,NE,37374,26,688.4,0,0
Africa/Niamey,Magaria,NE,35091,29,738.2,0,0
Africa/Niamey,Tibiri,NE,34529,20,533.9,0,0
Africa/Niamey,Nguigmi,NE,32035,46,1190.1,0,0
Africa/Niamey,Youri Kourtéré,NE,31598,1,24.9,0,0
Africa/Niamey,Tillabéri,NE,30822,5,104.7,0,0
Africa/Niamey,Illéla,NE,30439,15,354.1,0,0
Africa/Niamey,Abalak,NE,29561,22,497.9,0,0
Africa/Niamey,Tanout,NE,27527,31,748.2,0,0
Africa/Niamey,Ayorou,NE,26290,8,186.7,0,0
Africa/Niamey,Gouré,NE,24752,34,882.9,0,0
Africa/Niamey,Guidan Roumdji,NE,23718,19,495.9,0,0
Africa/Niamey,Aguié,NE,23545,23,612.9,0,0
Africa/Niamey,Mayahi,NE,22183,24,602.7,0,0
Africa/Niamey,Baléyara,NE,21740,4,95.9,0,0
Africa/Niamey,Tchin Tabaradèn,NE,20704,21,477.1,0,0
Africa/Niamey,Kollo,NE,19957,2,34.0,0,0
Africa/Niamey,Gazaoua,NE,19860,24,627.5,0,0
Africa/Niamey,Birnin Gaouré,NE,19529,4,99.1,0,0
Africa/Niamey,Say,NE,18333,2,53.8,0,0
Africa/Niamey,Maïné Soroa,NE,17778,41,1073.0,0,0
Africa/Niamey,Filingué,NE,16544,7,160.2,0,0
Africa/Niamey,Madarounfa,NE,16538,21,546.3,0,0
Africa/Niamey,Torodi,NE,15988,2,55.3,0,0
Africa/Lagos,Lagos,NG,15388000,0,0.0,0,0
Africa/Lagos,Kano,NG,4910000,33,834.3,0,0
Africa/Lagos,Ibadan,NG,3649000,4,117.2,0,0
Africa/Lagos,Abuja,NG,2690000,22,536.6,0,0
Africa/Lagos,Port Harcourt,NG,2120000,18,441.7,0,0
Africa/Lagos,Kaduna,NG,1850000,25,634.6,0,0
Africa/Lagos,Benin City,NG,1782000,10,246.9,0,0
Africa/Lagos,Onitsha,NG,1553000,15,376.3,0,0
Africa/Lagos,Aba,NG,1160000,19,464.3,0,0
Africa/Lagos,Maiduguri,NG,1110000,51,1227.7,0,0
Africa/Lagos,Ilorin,NG,1080000,9,260.0,0,0
Africa/Lagos,Sokoto,NG,1040000,22,762.2,0,0
Africa/Lagos,Jos,NG,1040000,30,717.8,0,0
Africa/Lagos,Zaria,NG,980000,28,703.0,0,0
Africa/Lagos,Enugu,NG,950000,17,453.5,0,0
Africa/Lagos,Warri,NG,910000,12,280.5,0,0
Africa/Lagos,Oyo,NG,736072,5,166.6,0,0
Africa/Lagos,Abeokuta,NG,735000,2,78.2,0,0
Africa/Lagos,Akure,NG,730000,9,217.5,0,0
Africa/Lagos,Bauchi,NG,693700,34,828.8,0,0
Africa/Lagos,Agege,NG,683600,1,19.2,0,0
Africa/Lagos,Katsina,NG,670000,32,860.6,0,0
Africa/Lagos,Osogbo,NG,645000,8,194.7,0,0
Africa/Lagos,Ile-Ife,NG,560000,7,172.1,0,0
Africa/Lagos,Gombe,NG,560000,40,955.4,0,0
Africa/Lagos,Ajegunle,NG,550000,1,7.0,0,0
Africa/Lagos,Owerri,NG,545000,17,416.6,0,0
Africa/Lagos,Calabar,NG,540000,23,570.5,0,0
Africa/Lagos,Ebute Ikorodu,NG,535619,1,19.3,0,0
Africa/Lagos,Okene,NG,479178,14,336.5,0,0
Africa/Lagos,Ikare,NG,465000,12,286.3,0,0
Africa/Lagos,Yola,NG,460000,42,1046.7,0,0
Africa/Lagos,Uyo,NG,436606,21,525.8,0,0
Africa/Lagos,Ado-Ekiti,NG,435000,10,239.8,0,0
Africa/Lagos,Ogbomoso,NG,433030,7,208.8,0,0
Africa/Lagos,Minna,NG,425000,20,494.0,0,0
Africa/Lagos,Lekki,NG,401272,1,9.2,0,0
Africa/Lagos,Bida,NG,400000,16,410.2,0,0
Africa/Lagos,Makurdi,NG,390000,23,583.3,0,0
Africa/Lagos,Ondo,NG,375000,7,174.2,0,0
Africa/Lagos,Umuahia,NG,370000,19,465.0,0,0
Africa/Lagos,Iseyin,NG,365300,4,170.0,0,0
Africa/Lagos,Yenagoa,NG,365000,15,360.4,0,0
Africa/Lagos,Gboko,NG,365000,25,626.4,0,0
Africa/Lagos,Ijebu Ode,NG,360000,3,70.6,0,0
Africa/Lagos,Obalende,NG,342000,1,2.4,0,0
Africa/Lagos,Ilesa,NG,325000,8,197.8,0,0
Africa/Lagos,Ikeja,NG,313196,1,16.9,0,0
Africa/Lagos,Akowonjo,NG,308900,1,19.7,0,0
Africa/Lagos,Alimosho,NG,308290,1,19.8,0,0
Africa/Lagos,Sapele,NG,305000,11,259.8,0,0
Africa/Lagos,Efon-Alaaye,NG,279319,9,215.2,0,0
Africa/Lagos,Owo,NG,276574,11,255.7,0,0
Africa/Lagos,Ikot Ekpene,NG,254806,20,498.4,0,0
Africa/Lagos,Ota,NG,251546,2,31.7,0,0
Africa/Lagos,Iwo,NG,250443,6,157.5,0,0
Africa/Lagos,Jimeta,NG,248148,43,1046.5,0,0
Africa/Lagos,Atani,NG,230000,15,373.9,0,0
Africa/Lagos,Aliayabiagba,NG,228000,1,6.8,0,0
Africa/Lagos,Gusau,NG,226857,26,729.8,0,0
Africa/Lagos,Mubi,NG,225705,48,1165.7,0,0
Africa/Lagos,Ikire,NG,222160,5,134.2,0,0
Africa/Lagos,Shagamu,NG,214558,2,51.9,0,0
Africa/Lagos,Ugep,NG,200276,20,523.1,0,0
Africa/Lagos,Chakwama,NG,200000,36,892.2,0,0
Africa/Lagos,Mushin,NG,199000,1,9.4,0,0
Africa/Lagos,Nnewi,NG,193987,15,392.4,0,0
Africa/Lagos,Surulere,NG,191920,1,6.6,0,0
Africa/Lagos,Ise-Ekiti,NG,190063,11,250.5,0,0
Africa/Lagos,Ila Orangun,NG,179192,10,240.7,0,0
Africa/Lagos,Saki,NG,178677,5,246.1,0,0
Africa/Lagos,Oshodi,NG,170870,1,12.6,0,0
Africa/Lagos,Awka,NG,167738,16,407.3,0,0
Africa/Lagos,Ijero-Ekiti,NG,167632,10,238.7,0,0
Africa/Lagos,Inisa,NG,164161,7,186.2,0,0
Africa/Lagos,Suleja,NG,162135,21,515.5,0,0
Africa/Lagos,Ede,NG,159866,7,183.1,0,0
Africa/Lagos,Kisi,NG,155510,8,296.6,0,0
Africa/Lagos,Shomolu,NG,154390,1,9.7,0,0
Africa/Lagos,Irewe,NG,139494,2,28.4,0,0
Africa/Lagos,Gbongan,NG,139485,6,155.4,0,0
Africa/Lagos,Ejigbo,NG,138357,7,190.4,0,0
Africa/Lagos,Funtua,NG,136811,27,709.0,0,0
Africa/Lagos,Igboho,NG,136764,7,268.0,0,0
Africa/Lagos,Buguma,NG,135404,18,428.7,0,0
Africa/Lagos,Ikirun,NG,134240,8,214.5,0,0
Africa/Lagos,Abakaliki,NG,134102,20,521.7,0,0
Africa/Lagos,Okrika,NG,133271,18,450.4,0,0
Africa/Lagos,Amaigbo,NG,127300,19,496.8,0,0
Africa/Lagos,Lafia,NG,127236,25,608.4,0,0
Africa/Lagos,Gashua,NG,125817,45,1100.6,0,0
Africa/Lagos,Modakeke,NG,119529,6,140.7,0,0
Africa/Lagos,Bama,NG,118121,52,1262.9,0,0
Africa/Lagos,Ilobu,NG,118089,8,195.5,0,0
Africa/Lagos,Jalingo,NG,117757,37,918.6,0,0
Africa/Lagos,Okigwe,NG,115499,17,442.8,0,0
Africa/Lagos,Offa,NG,113830,9,238.6,0,0
Africa/Lagos,Esuk Oron,NG,112033,23,568.1,0,0
Africa/Lagos,Nsukka,NG,111017,17,444.2,0,0
Africa/Lagos,Nguru,NG,111014,43,1052.8,0,0
Africa/Lagos,Hadejia,NG,110753,40,987.9,0,0
Africa/Lagos,Ijebu-Igbo,NG,109261,4,88.2,0,0
Africa/Lagos,Uromi,NG,108608,13,325.8,0,0
Africa/Lagos,Birnin Kebbi,NG,108164,17,672.9,0,0
Africa/Lagos,Pindiga,NG,106322,38,919.6,0,0
Africa/Lagos,Azare,NG,105687,39,945.2,0,0
Africa/Lagos,Nkpor,NG,103733,15,381.2,0,0
Africa/Lagos,Ikere-Ekiti,NG,103054,10,233.5,0,0
Africa/Lagos,Lafiagi,NG,102779,13,347.5,0,0
Africa/Lagos,Alasia,NG,100000,1,25.0,0,0
Africa/Lagos,Kontagora,NG,98754,17,494.9,0,0
Africa/Lagos,Kuje,NG,97367,21,501.1,0,0
Africa/Lagos,Biu,NG,95005,44,1072.3,0,0
Africa/Lagos,Olupona,NG,95002,6,154.9,0,0
Africa/Lagos,Lere,NG,93290,29,717.9,0,0
Africa/Lagos,Wukari,NG,92933,29,721.6,0,0
Africa/Lagos,Igbo-Ora,NG,92719,3,109.6,0,0
Africa/Lagos,Emure-Ekiti,NG,90645,11,252.7,0,0
Africa/Lagos,Isieke,NG,89990,19,513.1,0,0
Africa/Lagos,Ifo,NG,88272,2,45.8,0,0
Africa/Lagos,Igede-Ekiti,NG,87282,10,234.0,0,0
Africa/Lagos,Effium,NG,86945,19,515.6,0,0
Africa/Lagos,Idanre,NG,86468,9,203.7,0,0
Africa/Lagos,Potiskum,NG,86002,42,1026.5,0,0
Africa/Lagos,Keffi,NG,85911,23,560.7,0,0
Africa/Lagos,Makoko,NG,85840,1,4.7,0,0
Africa/Lagos,Epe,NG,84711,3,66.6,0,0
Africa/Lagos,Gamboru,NG,84672,57,1355.9,0,0
Africa/Lagos,Ogaminana,NG,84373,14,336.4,0,0
Africa/Lagos,Ihiala,NG,83265,15,388.8,0,0
Africa/Lagos,Ipoti,NG,82113,10,243.6,0,0
Africa/Lagos,Lalupon,NG,81130,5,134.9,0,0
Africa/Lagos,Ughelli,NG,79986,13,307.9,0,0
Africa/Lagos,Bende,NG,79618,19,479.2,0,0
Africa/Lagos,Oke Mesi,NG,79563,9,226.2,0,0
Africa/Lagos,Kafanchan,NG,79522,27,641.6,0,0
Africa/Lagos,Ikom,NG,79103,23,589.7,0,0
Africa/Lagos,Agulu,NG,79021,16,407.1,0,0
Africa/Lagos,Daura,NG,78277,43,1046.5,0,0
Africa/Lagos,Numan,NG,77617,41,1008.1,0,0
Africa/Lagos,Kagoro,NG,77008,27,652.3,0,0
Africa/Lagos,Ode,NG,75463,12,295.7,0,0
Africa/Lagos,Igbo-Ukwu,NG,75224,16,403.7,0,0
Africa/Lagos,Aramoko-Ekiti,NG,74491,9,228.7,0,0
Africa/Lagos,Igbara-Odo,NG,74121,9,217.9,0,0
Africa/Lagos,Ozubulu,NG,73812,15,386.3,0,0
Africa/Lagos,Aku,NG,73742,17,434.3,0,0
Africa/Lagos,Oyan,NG,73622,9,233.2,0,0
Africa/Lagos,Jega,NG,73495,17,650.5,0,0
Africa/Lagos,Asaba,NG,73374,14,369.9,0,0
Africa/Lagos,Ohafia-Ifigh,NG,73355,20,497.3,0,0
Africa/Lagos,Afikpo,NG,71866,20,505.8,0,0
Africa/Lagos,Apomu,NG,71656,5,132.4,0,0
Africa/Lagos,Fiditi,NG,71461,5,151.5,0,0
Africa/Lagos,Orita-Eruwa,NG,71027,3,122.7,0,0
Africa/Lagos,Eha Amufu,NG,70779,18,482.7,0,0
Africa/Lagos,Malumfashi,NG,70709,29,753.0,0,0
Africa/Lagos,Kaura Namoda,NG,69725,27,767.1,0,0
Africa/Lagos,Enugu-Ukwu,NG,68785,15,400.3,0,0
Africa/Lagos,Idah,NG,68703,15,376.4,0,0
Africa/Lagos,Obonoma,NG,68584,17,422.8,0,0
Africa/Lagos,Agbor,NG,67610,12,310.2,0,0
Africa/Lagos,Ezza-Ohu,NG,67414,19,518.2,0,0
Africa/Lagos,Uga,NG,64179,16,411.4,0,0
Africa/Lagos,Nkwerre,NG,62973,17,417.3,0,0
Africa/Lagos,Auchi,NG,62907,13,324.1,0,0
Africa/Lagos,Lokoja,NG,60579,16,398.2,0,0
Africa/Lagos,Ekpoma,NG,59618,12,305.0,0,0
Africa/Lagos,Ijebu-Jesa,NG,51730,9,208.2,0,0
Africa/Lagos,Kabba,NG,49869,14,332.8,0,0
Africa/Lagos,Ilaro,NG,46999,3,64.1,0,0
Africa/Lagos,Damaturu,NG,46000,46,1109.2,0,0
Africa/Lagos,Argungu,NG,45584,19,710.4,0,0
Africa/Lagos,Gumel,NG,42742,38,950.1,0,0
Africa/Lagos,Geidam,NG,41367,49,1177.5,0,0
Africa/Lagos,Talata Mafara,NG,39045,24,740.1,0,0
Africa/Lagos,Gummi,NG,38744,20,660.4,0,0
Africa/Lagos,Otan Ayegbaju,NG,37783,9,226.3,0,0
Africa/Lagos,Ogoja,NG,37466,22,597.5,0,0
Africa/Lagos,Katsina-Ala,NG,36722,25,655.2,0,0
Africa/Lagos,Igangan,NG,36447,3,138.4,0,0
Africa/Lagos,Itu,NG,36358,21,526.4,0,0
Africa/Lagos,Kumo,NG,35712,39,948.3,0,0
Africa/Lagos,Oke Ila,NG,35000,10,241.6,0,0
Africa/Lagos,Eruwa,NG,34802,3,120.7,0,0
Africa/Lagos,Pankshin,NG,31516,31,737.9,0,0
Africa/Lagos,Nasarawa,NG,30949,22,529.0,0,0
Africa/Lagos,Kachia,NG,30893,26,629.5,0,0
Africa/Lagos,Dikwa,NG,29026,55,1310.7,0,0
Africa/Lagos,Moriki,NG,28735,27,790.2,0,0
Africa/Lagos,Patigi,NG,28285,15,362.9,0,0
Africa/Lagos,Wamba,NG,27137,26,637.1,0,0
Africa/Lagos,Baro,NG,26821,17,410.9,0,0
Africa/Lagos,Okuta,NG,26589,6,308.1,0,0
Africa/Lagos,Birnin Kudu,NG,26565,35,869.0,0,0
Africa/Lagos,Badagry,NG,26383,3,56.9,0,0
Africa/Lagos,Ogwashi-Uku,NG,26137,13,347.3,0,0
Africa/Lagos,Eket,NG,25569,22,540.3,0,0
Africa/Lagos,Kamba,NG,25568,13,600.9,0,0
Africa/Lagos,Daura,NG,25289,35,909.2,0,0
Africa/Lagos,Takum,NG,24822,28,733.0,0,0
Africa/Lagos,Igbeti,NG,24690,8,267.8,0,0
Africa/Lagos,Zungeru,NG,24447,18,480.8,0,0
Africa/Lagos,Zuru,NG,24338,18,589.6,0,0
Africa/Lagos,Tegina,NG,24037,19,506.3,0,0
Africa/Lagos,Awgu,NG,23175,17,453.3,0,0
Africa/Lagos,Wudil,NG,23066,34,844.0,0,0
Africa/Lagos,Nafada,NG,22920,42,1013.4,0,0
Africa/Lagos,Ibi,NG,22757,29,726.1,0,0
Africa/Lagos,Sofo-Birnin-Gwari,NG,22380,24,629.0,0,0
Africa/Lagos,Dutsen Wai,NG,22062,29,719.5,0,0
Africa/Lagos,Kaiama,NG,21897,9,355.5,0,0
Africa/Lagos,Ubiaja,NG,21782,13,331.1,0,0
Africa/Lagos,Otukpa,NG,21686,19,476.4,0,0
Africa/Lagos,Oguta,NG,21639,15,386.5,0,0
Africa/Lagos,Damboa,NG,21571,48,1153.6,0,0
Africa/Lagos,Jebba,NG,21488,12,335.6,0,0
Africa/Lagos,Garko,NG,21141,39,949.6,0,0
Africa/Lagos,Mokwa,NG,21128,13,364.9,0,0
Africa/Lagos,Gaya,NG,20959,35,860.3,0,0
Africa/Lagos,Tambuwal,NG,20932,18,675.9,0,0
Africa/Lagos,Elele,NG,20620,17,407.1,0,0
Africa/Lagos,Monguno,NG,20297,55,1315.9,0,0
Africa/Lagos,Kwale,NG,20226,14,346.2,0,0
Africa/Lagos,Gembu,NG,19881,32,868.9,0,0
Africa/Lagos,Obudu,NG,19668,24,637.8,0,0
Africa/Lagos,Gombi,NG,19616,46,1107.5,0,0
Africa/Lagos,Magumeri,NG,19363,50,1210.9,0,0
Africa/Lagos,Degema Hulk,NG,19223,17,416.2,0,0
Africa/Lagos,Enugu-Ezike,NG,18989,18,452.3,0,0
Africa/Lagos,Kari,NG,18812,39,950.6,0,0
Africa/Lagos,Darazo,NG,18415,38,921.8,0,0
Africa/Lagos,Rano,NG,17972,32,803.8,0,0
Africa/Lagos,Kiyawa,NG,17704,37,903.4,0,0
Africa/Lagos,Deba,NG,17671,40,973.4,0,0
Africa/Lagos,Igbor,NG,17666,23,586.0,0,0
Africa/Lagos,Babana,NG,17617,11,444.5,0,0
Africa/Lagos,Egbe,NG,17612,12,304.6,0,0
Africa/Lagos,Gwadabawa,NG,17486,23,793.8,0,0
Africa/Lagos,Beli,NG,17467,34,850.4,0,0
Africa/Lagos,Illela,NG,17461,24,835.5,0,0
Africa/Lagos,Iyesi,NG,17220,2,33.0,0,0
Africa/Lagos,Dutse,NG,17129,36,879.3,0,0
Africa/Lagos,Dukku,NG,16961,39,945.3,0,0
Africa/Lagos,Bonny,NG,16868,19,473.6,0,0
Africa/Lagos,Bode Saadu,NG,16619,11,315.8,0,0
Africa/Lagos,Rijau,NG,16613,18,556.0,0,0
Africa/Lagos,Kumagunnam,NG,16557,44,1088.0,0,0
Africa/Lagos,Ijoko,NG,16529,2,35.2,0,0
Africa/Lagos,Lapai,NG,16442,18,453.2,0,0
Africa/Lagos,Burutu,NG,16410,11,263.9,0,0
Africa/Lagos,Gwarzo,NG,16303,30,785.4,0,0
Africa/Lagos,Kukawa,NG,16077,55,1326.3,0,0
Africa/Lagos,Akwanga,NG,15985,26,616.1,0,0
Africa/Lagos,Biliri,NG,15976,39,941.7,0,0
Africa/Lagos,River Atuwara,NG,15937,2,37.6,0,0
Africa/Lagos,Iperu,NG,15935,2,58.9,0,0
Africa/Lagos,Gwaram,NG,15806,37,892.0,0,0
Africa/Lagos,Soba,NG,15715,29,718.3,0,0
Africa/Lagos,Marte,NG,15707,55,1319.5,0,0
Africa/Lagos,Ibeto,NG,15565,16,487.8,0,0
Africa/Lagos,Bukuru,NG,15540,29,707.3,0,0
Africa/Lagos,Anchau,NG,15538,30,743.6,0,0
Africa/Lagos,Ado-Odo,NG,15442,3,52.4,0,0
Africa/Lagos,Ganye,NG,15178,39,979.5,0,0
Africa/Lagos,Gwoza,NG,15176,52,1243.3,0,0
Africa/Lagos,Ajaokuta,NG,15144,16,380.3,0,0
Africa/Lagos,Doma,NG,15097,24,587.9,0,0
Africa/Lagos,Isanlu-Itedoijowa,NG,15087,14,336.7,0,0
Asia/Muscat,Muscat,OM,797000,0,0.0,0,0
Asia/Muscat,Seeb,OM,470878,2,24.2,0,0
Asia/Muscat,Bawshar,OM,383257,1,1.1,0,0
Asia/Muscat,‘Ibrī,OM,163473,9,197.1,0,0
Asia/Muscat,Şalālah,OM,163140,36,857.8,0,0
Asia/Muscat,Şaḩam,OM,140000,8,167.7,0,0
Asia/Muscat,Rustaq,OM,120000,5,102.6,0,0
Asia/Muscat,Sohar,OM,108274,9,192.3,0,0
Asia/Muscat,As Suwayq,OM,107143,5,103.0,0,0
Asia/Muscat,Barkā’,OM,81647,3,54.2,0,0
Asia/Muscat,Samā’il,OM,80538,3,56.2,0,0
Asia/Muscat,Al Buraymī,OM,73670,13,275.9,0,0
Asia/Muscat,Nizwá,OM,72076,6,115.0,0,0
Asia/Muscat,Sur,OM,71152,8,161.1,0,0
Asia/Muscat,Qurayyāt,OM,63133,4,63.3,0,0
Asia/Muscat,Bahlā’,OM,54338,7,131.2,0,0
Asia/Muscat,Al Khābūrah,OM,50223,7,140.5,0,0
Asia/Muscat,Shināş,OM,48009,12,235.3,0,0
Asia/Muscat,Sufālat Samā’il,OM,47718,3,49.8,0,0
Asia/Muscat,Izkī,OM,36203,5,97.6,0,0
Asia/Muscat,Liwá,OM,26372,10,214.9,0,0
Asia/Muscat,Ibrā’,OM,25265,4,100.2,0,0
Asia/Muscat,Bidbid,OM,21188,2,34.6,0,0
Asia/Muscat,Badīyah,OM,18479,6,132.3,0,0
Asia/Muscat,Khasab,OM,17904,17,361.6,0,0
Asia/Muscat,Adam,OM,17283,7,161.5,0,0
Asia/Muscat,Yanqul,OM,16599,8,190.4,0,0
Asia/Muscat,Maşīrah,OM,15059,11,329.7,0,0
Asia/Karachi,Lahore,PK,13004135,0,0.0,0,0
Asia/Karachi,Karachi,PK,11624219,46,1034.7,0,0
Asia/Karachi,Peshawar,PK,4758762,18,376.0,0,0
Asia/Karachi,Faisalabad,PK,3800193,6,120.6,0,0
Asia/Karachi,Rawalpindi,PK,3357612,11,257.5,0,0
Asia/Karachi,Gujranwala,PK,2511118,2,68.2,0,0
Asia/Karachi,Multan,PK,2169915,15,313.1,0,0
Asia/Karachi,Hyderabad,PK,1921275,40,899.7,0,0
Asia/Karachi,Quetta,PK,1565546,33,717.7,0,0
Asia/Karachi,Bannu,PK,1357890,19,386.3,0,0
Asia/Karachi,Sargodha,PK,975886,8,168.9,0,0
Asia/Karachi,Sialkot,PK,911817,4,105.3,0,0
Asia/Karachi,Bahawalpur,PK,903795,17,351.3,0,0
Asia/Karachi,Arifwala,PK,854462,9,186.8,0,0
Asia/Karachi,Dera Ismail Khan,PK,763195,15,327.7,0,0
Asia/Karachi,Muzaffarābād,PK,725000,12,323.3,0,0
Asia/Karachi,Battagram,PK,700000,14,368.2,0,0
Asia/Karachi,Chunian,PK,634236,3,74.7,0,0
Asia/Karachi,Jhang Sadr,PK,606533,9,195.6,0,0
Asia/Karachi,Islamabad,PK,601600,11,269.9,0,0
Asia/Karachi,Shekhupura,PK,591424,2,38.6,0,0
Asia/Karachi,Gujrat,PK,574240,4,115.9,0,0
Asia/Karachi,Sukkur,PK,563851,32,682.1,0,0
Asia/Karachi,Sahiwal,PK,538344,9,196.4,0,0
Asia/Karachi,Sahiwal,PK,538344,8,154.8,0,0
Asia/Karachi,Okara,PK,533693,6,119.3,0,0
Asia/Karachi,Rahim Yar Khan,PK,517000,25,523.1,0,0
Asia/Karachi,Kasur,PK,510875,2,49.8,0,0
Asia/Karachi,Jalalpur Pirwala,PK,500000,18,376.7,0,0
Asia/Karachi,Dera Ghazi Khan,PK,494464,19,392.2,0,0
Asia/Karachi,Pindi Bhattian,PK,493222,5,108.7,0,0
Asia/Karachi,Tando Bago,PK,426535,39,919.0,0,0
Asia/Karachi,Tando Allahyar,PK,421923,38,873.0,0,0
Asia/Karachi,Wah Cantt,PK,400733,13,288.0,0,0
Asia/Karachi,Chak Jhumra,PK,385169,5,110.6,0,0
Asia/Karachi,Bhawana,PK,373841,7,161.2,0,0
Asia/Karachi,Larkana,PK,364033,35,741.6,0,0
Asia/Karachi,Nawabshah,PK,363138,37,827.3,0,0
Asia/Karachi,Burewala,PK,361664,11,224.2,0,0
Asia/Karachi,Mingora,PK,361112,17,403.2,0,0
Asia/Karachi,Sinjhoro,PK,354709,36,817.9,0,0
Asia/Karachi,Hafizabad,PK,318621,4,84.7,0,0
Asia/Karachi,Chiniot,PK,318165,6,131.2,0,0
Asia/Karachi,Mardan,PK,300424,17,363.8,0,0
Asia/Karachi,Malir Cantonment,PK,300000,45,1014.7,0,0
Asia/Karachi,Kamoke,PK,292023,2,47.9,0,0
Asia/Karachi,Abbottabad,PK,275890,12,306.8,0,0
Asia/Karachi,Saddiqabad,PK,274210,26,544.1,0,0
Asia/Karachi,Mirpur Khas,PK,267833,37,849.1,0,0
Asia/Karachi,Skardu,PK,260000,15,432.6,0,0
Asia/Karachi,Muridke,PK,254291,1,28.6,0,0
Asia/Karachi,Shahkot,PK,244868,4,82.0,0,0
Asia/Karachi,Bahawalnagar,PK,241873,9,202.7,0,0
Asia/Karachi,Bahawalnagar,PK,241873,7,144.6,0,0
Asia/Karachi,Kunri,PK,237063,35,849.6,0,0
Asia/Karachi,Muzaffargarh,PK,235541,17,343.7,0,0
Asia/Karachi,Digri,PK,234578,37,876.9,0,0
Asia/Karachi,Jacobabad,PK,219315,32,676.2,0,0
Asia/Karachi,Khuzdar,PK,218112,41,855.5,0,0
Asia/Karachi,Gilgit,PK,216760,12,484.9,0,0
Asia/Karachi,Gojra,PK,214000,8,164.7,0,0
Asia/Karachi,Shikarpur,PK,204938,32,681.4,0,0
Asia/Karachi,Dadu,PK,201017,39,833.8,0,0
Asia/Karachi,Talhar,PK,200014,39,918.8,0,0
Asia/Karachi,Qadirpur Ran,PK,200000,14,291.8,0,0
Asia/Karachi,Dajal,PK,200000,21,440.8,0,0
Asia/Karachi,Ahmadpur East,PK,196718,19,400.2,0,0
Asia/Karachi,Hub,PK,195661,46,1029.9,0,0
Asia/Karachi,Dhirkot,PK,195000,10,285.2,0,0
Asia/Karachi,Garhi Khairo,PK,193297,35,727.4,0,0
Asia/Karachi,Khairpur Mir’s,PK,191044,33,702.1,0,0
Asia/Karachi,Jhelum,PK,190425,7,163.8,0,0
Asia/Karachi,Tando Adam,PK,174291,38,849.7,0,0
Asia/Karachi,Hasilpur,PK,168146,12,269.9,0,0
Asia/Karachi,Kamalia,PK,166617,9,186.7,0,0
Asia/Karachi,Arif Wala,PK,157063,46,975.7,0,0
Asia/Karachi,Jampur,PK,155243,20,417.8,0,0
Asia/Karachi,Wazirabad,PK,152624,4,100.8,0,0
Asia/Karachi,Kohat,PK,151427,17,352.9,0,0
Asia/Karachi,Layyah,PK,151274,16,331.0,0,0
Asia/Karachi,Shujaabad,PK,151115,17,346.7,0,0
Asia/Karachi,Eminabad,PK,150646,2,54.5,0,0
Asia/Karachi,Jaranwala,PK,150380,5,91.9,0,0
Asia/Karachi,Tordher,PK,150000,15,332.3,0,0
Asia/Karachi,Chishtian,PK,149939,11,242.3,0,0
Asia/Karachi,Harunabad,PK,149679,10,245.5,0,0
Asia/Karachi,Jalalpur Jattan,PK,146743,4,121.2,0,0
Asia/Karachi,Umarkot,PK,144558,34,822.8,0,0
Asia/Karachi,Lodhran,PK,144512,16,344.1,0,0
Asia/Karachi,Moro,PK,142685,38,822.4,0,0
Asia/Karachi,Khanpur,PK,142426,23,480.6,0,0
Asia/Karachi,Attock City,PK,141945,14,308.3,0,0
Asia/Karachi,Manjhand,PK,140766,39,865.7,0,0
Asia/Karachi,Mian Channun,PK,140112,11,227.0,0,0
Asia/Karachi,Bhakkar,PK,131658,14,311.3,0,0
Asia/Karachi,Narowal,PK,130692,4,78.1,0,0
Asia/Karachi,Chaman,PK,130139,34,754.1,0,0
Asia/Karachi,Nankana Sahib,PK,130041,3,62.2,0,0
Asia/Karachi,Mandi Bahauddin,PK,129733,7,140.2,0,0
Asia/Karachi,Mianwali,PK,129500,14,289.1,0,0
Asia/Karachi,Daur,PK,128958,37,815.8,0,0
Asia/Karachi,Daska Kalan,PK,126924,3,85.2,0,0
Asia/Karachi,Shakargarh,PK,126742,6,109.5,0,0
Asia/Karachi,Pakpattan,PK,126706,7,163.3,0,0
Asia/Karachi,Mailsi,PK,125431,14,285.5,0,0
Asia/Karachi,Dokri,PK,125000,36,763.2,0,0
Asia/Karachi,New Mirpur City,PK,124352,7,185.5,0,0
Asia/Karachi,Toba Tek Singh,PK,123102,9,189.1,0,0
Asia/Karachi,Haveli Lakha,PK,122389,6,138.1,0,0
Asia/Karachi,Shahdad Kot,PK,120687,36,746.5,0,0
Asia/Karachi,Charsadda,PK,120170,18,377.3,0,0
Asia/Karachi,Ghotki,PK,119879,30,626.2,0,0
Asia/Karachi,Sambrial,PK,119571,3,102.3,0,0
Asia/Karachi,Badin,PK,117455,39,938.5,0,0
Asia/Karachi,Taunsa,PK,115704,17,364.8,0,0
Asia/Karachi,Phool Nagar,PK,114530,3,55.0,0,0
Asia/Karachi,Tando Muhammad Khan,PK,114406,40,913.7,0,0
Asia/Karachi,Pattoki,PK,113735,4,76.2,0,0
Asia/Karachi,Shahdadpur,PK,113342,37,838.8,0,0
Asia/Karachi,Jauharabad,PK,113188,11,211.5,0,0
Asia/Karachi,Vihari,PK,112840,12,254.2,0,0
Asia/Karachi,Chichawatni,PK,112191,10,195.1,0,0
Asia/Karachi,Dera Murad Jamali,PK,106952,33,678.0,0,0
Asia/Karachi,Kotri,PK,106615,40,906.8,0,0
Asia/Karachi,Kot Addu,PK,104217,17,344.4,0,0
Asia/Karachi,Sangla Hill,PK,103709,5,93.3,0,0
Asia/Karachi,Kharian,PK,103036,6,146.5,0,0
Asia/Karachi,Khushāb,PK,102793,10,205.7,0,0
Asia/Karachi,Pasrur,PK,102717,4,83.7,0,0
Asia/Karachi,Pano Aqil,PK,102701,31,652.1,0,0
Asia/Karachi,Shabqadar,PK,102340,19,394.3,0,0
Asia/Karachi,Kot Radha Kishan,PK,102057,2,49.2,0,0
Asia/Karachi,Chakwal,PK,101200,10,207.8,0,0
Asia/Karachi,Renala Khurd,PK,100054,5,104.0,0,0
Asia/Karachi,Raja Jang,PK,100000,2,38.6,0,0
Asia/Karachi,Model Town,PK,100000,1,8.9,0,0
Asia/Karachi,Dipalpur,PK,99858,5,119.0,0,0
Asia/Karachi,Qubo Saeed Khan,PK,99308,36,760.8,0,0
Asia/Karachi,Kandhkot,PK,99155,30,619.6,0,0
Asia/Karachi,Swabi,PK,97363,15,334.7,0,0
Asia/Karachi,Dijkot,PK,96934,7,134.0,0,0
Asia/Karachi,Khurarianwala,PK,96743,5,102.9,0,0
Asia/Karachi,Gambat,PK,93884,34,732.8,0,0
Asia/Karachi,Rohri,PK,92135,32,680.2,0,0
Asia/Karachi,Kabirwala,PK,91932,13,269.6,0,0
Asia/Karachi,Kunjah,PK,90905,5,113.7,0,0
Asia/Karachi,Daharki,PK,90177,28,594.0,0,0
Asia/Karachi,Dinga,PK,89922,6,134.3,0,0
Asia/Karachi,Thul,PK,88554,31,651.7,0,0
Asia/Karachi,Nowshera Kalan,PK,88003,16,352.4,0,0
Asia/Karachi,Fort Abbas,PK,83192,12,299.5,0,0
Asia/Karachi,Ratodero,PK,81935,34,719.0,0,0
Asia/Karachi,Fatehjang,PK,81321,12,274.6,0,0
Asia/Karachi,Alahabad,PK,80084,3,80.8,0,0
Asia/Karachi,Khewra,PK,80000,9,175.1,0,0
Asia/Karachi,Talagang,PK,79431,12,237.3,0,0
Asia/Karachi,Kahna Nau,PK,79301,1,21.3,0,0
Asia/Karachi,Kambar,PK,77481,36,756.1,0,0
Asia/Karachi,Zahir Pir,PK,76979,23,478.0,0,0
Asia/Karachi,Hujra Shah Muqim,PK,76462,4,103.7,0,0
Asia/Karachi,Paharpur,PK,76027,15,325.1,0,0
Asia/Karachi,Turbat,PK,75694,59,1261.9,0,0
Asia/Karachi,Topi,PK,74867,14,322.7,0,0
Asia/Karachi,Bhalwal,PK,74744,8,158.1,0,0
Asia/Karachi,Mirpur Mathelo,PK,74651,29,607.6,0,0
Asia/Karachi,Sarai Alamgir,PK,73967,7,159.9,0,0
Asia/Karachi,Bat Khela,PK,73525,18,406.0,0,0
Asia/Karachi,Sakrand,PK,72040,38,844.3,0,0
Asia/Karachi,Tando Jam,PK,71760,39,887.5,0,0
Asia/Karachi,Hala,PK,71094,38,861.2,0,0
Asia/Karachi,Gwadar,PK,70852,64,1376.0,0,0
Asia/Karachi,Rabwah,PK,70000,7,137.7,0,0
Asia/Karachi,Kahror Pakka,PK,69743,15,317.2,0,0
Asia/Karachi,Gujar Khan,PK,69374,9,212.6,0,0
Asia/Karachi,Kot Malik Barkhurdar,PK,69359,33,718.5,0,0
Asia/Karachi,Chuhar Kana,PK,69321,3,56.3,0,0
Asia/Karachi,Darya Khan,PK,68622,14,308.5,0,0
Asia/Karachi,Shorkot,PK,67439,15,330.8,0,0
Asia/Karachi,Minchinabad,PK,67164,7,172.1,0,0
Asia/Karachi,Mansehra,PK,66486,13,326.5,0,0
Asia/Karachi,Basirpur,PK,65541,5,119.4,0,0
Asia/Karachi,Lala Musa,PK,65197,5,132.4,0,0
Asia/Karachi,Usta Muhammad,PK,64632,34,714.8,0,0
Asia/Karachi,Sibi,PK,64069,31,659.0,0,0
Asia/Karachi,Pindi Gheb,PK,63810,13,270.9,0,0
Asia/Karachi,Phalia,PK,62453,6,121.3,0,0
Asia/Karachi,Sanghar,PK,62033,36,807.5,0,0
Asia/Karachi,Faqirwali,PK,61586,11,264.4,0,0
Asia/Karachi,Yazman,PK,60738,17,368.7,0,0
Asia/Karachi,Faruka,PK,60000,9,186.8,0,0
Asia/Karachi,Kurkali Sindh Pakistan,PK,59387,37,824.9,0,0
Asia/Karachi,Chitral,PK,57157,22,533.1,0,0
Asia/Karachi,Jahangira,PK,57011,15,333.5,0,0
Asia/Karachi,Haripur,PK,56977,13,301.9,0,0
Asia/Karachi,Jamrud,PK,56642,19,388.5,0,0
Asia/Karachi,Sharifabad,PK,55027,9,228.3,0,0
Asia/Karachi,Dullewala,PK,54277,13,277.4,0,0
Asia/Karachi,Pir Jo Goth,PK,54266,33,708.2,0,0
Asia/Karachi,Pabbi,PK,52701,17,362.5,0,0
Asia/Karachi,Lalian,PK,52542,7,149.6,0,0
Asia/Karachi,Qabula,PK,52495,9,196.5,0,0
Asia/Karachi,Pir Mahal,PK,52476,10,202.4,0,0
Asia/Karachi,Mithi,PK,52376,35,879.8,0,0
Asia/Karachi,Kot Mumin,PK,51021,7,143.1,0,0
Asia/Karachi,Ubauro,PK,50981,28,583.7,0,0
Asia/Karachi,Rajanpur,PK,50682,23,472.6,0,0
Asia/Karachi,Zhob,PK,50537,21,465.5,0,0
Asia/Karachi,Matli,PK,50398,39,913.8,0,0
Asia/Karachi,Jahanian,PK,50318,14,295.1,0,0
Asia/Karachi,Rawalakot,PK,50000,9,261.6,0,0
Asia/Karachi,Buni,PK,50000,21,558.7,0,0
Asia/Karachi,Hadali,PK,49663,4,122.1,0,0
Asia/Karachi,Sillanwali,PK,49311,8,173.8,0,0
Asia/Karachi,Nushki,PK,48572,39,827.8,0,0
Asia/Karachi,Jatoi Shimali,PK,47144,20,405.2,0,0
Asia/Karachi,Kotli,PK,46907,7,222.0,0,0
Asia/Karachi,Mustafabad,PK,45795,5,109.7,0,0
Asia/Karachi,Kamra,PK,45738,14,314.2,0,0
Asia/Karachi,Chak Thirty-one -Eleven Left,PK,45665,10,201.8,0,0
Asia/Karachi,Kanganpur,PK,45000,3,90.8,0,0
Asia/Karachi,Mach,PK,44542,33,697.0,0,0
Asia/Karachi,Kandiaro,PK,44382,36,777.4,0,0
Asia/Karachi,Thatta,PK,44302,43,984.7,0,0
Asia/Karachi,Fatehpur,PK,44084,14,301.6,0,0
Asia/Karachi,Kamra,PK,43779,9,255.7,0,0
Asia/Karachi,Pasni,PK,43494,59,1272.7,0,0
Asia/Karachi,Kundian,PK,42903,14,288.7,0,0
Asia/Karachi,Sukheke Mandi,PK,42626,4,86.7,0,0
Asia/Karachi,Amangarh,PK,42123,17,354.0,0,0
Asia/Karachi,Dunyapur,PK,41575,15,316.6,0,0
Asia/Karachi,Sehwan,PK,41150,39,850.6,0,0
Asia/Karachi,Washuk,PK,41107,48,1015.2,0,0
Asia/Karachi,Karachi University Employees Co-operative Housing Society,PK,41000,46,1018.9,0,0
Asia/Karachi,Naushahra Virkan,PK,40853,3,57.5,0,0
Asia/Karachi,Khairpur,PK,40083,28,593.1,0,0
Asia/Karachi,Choa Saidan Shah,PK,40000,9,182.2,0,0
Asia/Karachi,Chak,PK,40000,32,673.0,0,0
Asia/Karachi,Ladhewala Waraich,PK,39757,3,70.2,0,0
Asia/Karachi,Khalabat,PK,39148,13,309.9,0,0
Asia/Karachi,Kamar Mushani,PK,39013,16,315.4,0,0
Asia/Karachi,New Badah,PK,38855,36,770.5,0,0
Asia/Karachi,Tank,PK,38488,18,381.7,0,0
Asia/Karachi,Tandlianwala,PK,38285,7,129.6,0,0
Asia/Karachi,Chak Azam Sahu,PK,38216,8,154.5,0,0
Asia/Karachi,Loralai,PK,37787,26,564.1,0,0
Asia/Karachi,Havelian,PK,37509,12,299.0,0,0
Asia/Karachi,Lakki,PK,36391,17,344.3,0,0
Asia/Karachi,Hangu,PK,36150,19,378.6,0,0
Asia/Karachi,Risalpur Cantonment,PK,36074,16,354.9,0,0
Asia/Karachi,Tangi,PK,35659,19,395.5,0,0
Asia/Karachi,Mehrabpur,PK,35263,34,720.5,0,0
Asia/Karachi,Malakwal City,PK,35000,8,154.3,0,0
Asia/Karachi,Khangah Dogran,PK,34949,4,75.4,0,0
Asia/Karachi,Narang Mandi,PK,34778,2,41.5,0,0
Asia/Karachi,Malakwal,PK,34589,8,154.2,0,0
Asia/Karachi,Ranipur,PK,34337,35,738.6,0,0
Asia/Karachi,Utmanzai,PK,34257,18,379.3,0,0
Asia/Karachi,Zaida,PK,34200,15,329.2,0,0
Asia/Karachi,Kashmor,PK,33732,27,575.7,0,0
Asia/Karachi,Alipur,PK,33601,20,408.8,0,0
Asia/Karachi,Bāgh,PK,33548,9,274.7,0,0
Asia/Karachi,Naudero,PK,33455,34,722.6,0,0
Asia/Karachi,Setharja Old,PK,32651,35,746.9,0,0
Asia/Karachi,Mamu Kanjan,PK,31914,8,168.3,0,0
Asia/Karachi,Sharqpur Sharif,PK,31855,2,26.0,0,0
Asia/Karachi,Bhera,PK,31781,9,170.4,0,0
Asia/Karachi,Dursh Khela,PK,31732,18,421.5,0,0
Asia/Karachi,Raiwind,PK,31592,2,36.7,0,0
Asia/Karachi,Khairpur Tamewah,PK,30967,14,298.7,0,0
Asia/Karachi,Kharan,PK,30841,44,920.9,0,0
Asia/Karachi,Chak Five Hundred Seventy-five,PK,30738,3,49.5,0,0
Asia/Karachi,Nok Kundi,PK,30621,54,1154.9,0,0
Asia/Karachi,Nowshera Cantonment,PK,30599,16,349.3,0,0
Asia/Karachi,Mehar,PK,30429,38,798.1,0,0
Asia/Karachi,Khairpur Nathan Shah,PK,30286,38,810.9,0,0
Asia/Karachi,Pind Dadan Khan,PK,29935,8,168.0,0,0
Asia/Karachi,Upper Dir,PK,29869,21,466.2,0,0
Asia/Karachi,Ghauspur,PK,29767,30,634.4,0,0
Asia/Karachi,Akora Khattak,PK,29750,16,342.3,0,0
Asia/Karachi,Kalur Kot,PK,29578,14,298.8,0,0
Asia/Karachi,Bela,PK,29380,46,981.2,0,0
Asia/Karachi,Thal,PK,29331,20,477.6,0,0
Asia/Karachi,Garh Maharaja,PK,29153,12,246.2,0,0
Asia/Karachi,Jahanian Shah,PK,29095,9,198.1,0,0
Asia/Karachi,Mastung,PK,29082,35,743.7,0,0
Asia/Karachi,Manhala,PK,29000,1,19.1,0,0
Asia/Karachi,Hajira,PK,28953,8,250.1,0,0
Asia/Karachi,Mananwala,PK,28432,3,62.8,0,0
Asia/Karachi,Fazilpur,PK,28213,5,96.4,0,0
Asia/Karachi,Talamba,PK,28151,11,231.4,0,0
Asia/Karachi,Jhawarian,PK,27893,9,185.9,0,0
Asia/Karachi,Nasirabad,PK,27809,37,776.7,0,0
Asia/Karachi,Bhimber,PK,27636,6,159.6,0,0
Asia/Karachi,Sita Road,PK,27587,38,806.2,0,0
Asia/Karachi,Jaglot,PK,27000,12,460.0,0,0
Asia/Karachi,Chawinda,PK,26906,4,93.6,0,0
Asia/Karachi,Kalat,PK,26701,38,795.9,0,0
Asia/Karachi,Daud Khel,PK,26395,15,299.7,0,0
Asia/Karachi,Mitha Tiwana,PK,26390,11,225.2,0,0
Asia/Karachi,Hazro City,PK,26309,14,314.0,0,0
Asia/Karachi,Dunga Bunga,PK,25893,9,227.3,0,0
Asia/Karachi,Karor,PK,25634,15,324.8,0,0
Asia/Karachi,Kot Diji,PK,25616,34,719.7,0,0
Asia/Karachi,Jiwani,PK,25332,67,1429.1,0,0
Asia/Karachi,Murree,PK,25186,10,276.4,0,0
Asia/Karachi,Mian Sahib,PK,25000,32,668.0,0,0
Asia/Karachi,Ahmadpur Sial,PK,24889,13,266.8,0,0
Asia/Karachi,Kulachi,PK,24481,17,370.3,0,0
Asia/Karachi,Pishin,PK,24239,32,708.9,0,0
Asia/Karachi,Chak One Hundred Twenty Nine Left,PK,24053,8,176.7,0,0
Asia/Karachi,Harappa,PK,23500,9,174.5,0,0
Asia/Karachi,Pallandri,PK,23243,9,247.9,0,0
Asia/Karachi,Zafarwal,PK,23078,5,101.7,0,0
Asia/Karachi,Kot Samaba,PK,22953,24,501.3,0,0
Asia/Karachi,Kahuta,PK,22551,9,243.5,0,0
Asia/Karachi,Khanpur Mahar,PK,22273,30,631.0,0,0
Asia/Karachi,Hingorja,PK,22263,35,750.9,0,0
Asia/Karachi,Naukot,PK,22081,37,888.6,0,0
Asia/Karachi,Kuri Dulal,PK,22000,9,227.2,0,0
Asia/Karachi,Bhaun,PK,21711,11,208.5,0,0
Asia/Karachi,Chaksawari,PK,21475,7,197.0,0,0
Asia/Karachi,Kotli Loharan,PK,21463,4,115.4,0,0
Asia/Karachi,Shahpur Chakar,PK,21446,37,817.8,0,0
Asia/Karachi,Chhor,PK,21178,34,806.5,0,0
Asia/Karachi,Oghi,PK,21129,14,349.9,0,0
Asia/Karachi,Pad Idan,PK,20919,37,792.2,0,0
Asia/Karachi,Kot Ghulam Muhammad,PK,20897,3,88.2,0,0
Asia/Karachi,Lawa,PK,20619,13,260.5,0,0
Asia/Karachi,Surkhpur,PK,20000,4,129.3,0,0
Asia/Karachi,Sook Kalan,PK,20000,4,117.1,0,0
Asia/Karachi,Dhoro Naro,PK,19907,35,818.9,0,0
Asia/Karachi,Dhaunkal,PK,19871,3,96.4,0,0
Asia/Karachi,Khangarh,PK,19698,17,355.4,0,0
Asia/Karachi,Sarai Naurang,PK,19694,18,364.3,0,0
Asia/Karachi,Gharo,PK,19524,44,1006.6,0,0
Asia/Karachi,Pakistan Employees Cooperative Housing Society,PK,19500,46,1030.0,0,0
Asia/Karachi,Jhol,PK,19363,36,819.2,0,0
Asia/Karachi,Baddomalhi,PK,19351,3,56.5,0,0
Asia/Karachi,Bhit Shah,PK,19325,38,857.5,0,0
Asia/Karachi,Dayal,PK,19290,8,204.3,0,0
Asia/Karachi,Khai Gala,PK,19119,8,259.1,0,0
Asia/Karachi,Matiari,PK,18929,39,878.1,0,0
Asia/Karachi,Warah,PK,18724,37,781.5,0,0
Asia/Karachi,Chuhar Jamali,PK,18721,43,1011.6,0,0
Asia/Karachi,Haji Shah,PK,18586,15,319.8,0,0
Asia/Karachi,Lachi,PK,18537,17,348.0,0,0
Asia/Karachi,Taftan,PK,18510,58,1259.1,0,0
Asia/Karachi,Jand,PK,18170,14,302.1,0,0
Asia/Karachi,Dera Bugti,PK,18120,28,571.8,0,0
Asia/Karachi,Musa Banda/Musa khan kallay,PK,18000,14,326.0,0,0
Asia/Karachi,Tharu Shah,PK,17698,37,792.9,0,0
Asia/Karachi,Naushahro Firoz,PK,17631,37,800.1,0,0
Asia/Karachi,Alipur,PK,17566,10,257.1,0,0
Asia/Karachi,Baffa,PK,17556,13,337.0,0,0
Asia/Karachi,Gadani,PK,17540,47,1033.1,0,0
Asia/Karachi,Bhopalwala,PK,17341,3,96.9,0,0
Asia/Karachi,Dadhar,PK,17276,32,682.1,0,0
Asia/Karachi,Bhan,PK,16961,39,850.7,0,0
Asia/Karachi,Goth Radhan,PK,16786,37,786.6,0,0
Asia/Karachi,Islamgarh,PK,16651,7,187.7,0,0
Asia/Karachi,Uthal,PK,16483,46,988.0,0,0
Asia/Karachi,Kaleke Mandi,PK,16361,4,84.8,0,0
Asia/Karachi,Johi,PK,16311,40,848.7,0,0
Asia/Karachi,Mangla,PK,16264,9,189.9,0,0
Asia/Karachi,Shahr Sultan,PK,16166,19,387.5,0,0
Asia/Karachi,Karimabad,PK,16000,14,531.1,0,0
Asia/Karachi,Sodhri,PK,15977,3,101.8,0,0
Asia/Karachi,Kalabagh,PK,15976,16,306.4,0,0
Asia/Karachi,Kallar Kahar,PK,15800,10,206.5,0,0
Asia/Karachi,Dhanot,PK,15672,16,332.1,0,0
Asia/Karachi,Harnoli,PK,15669,13,275.8,0,0
Asia/Karachi,Sarai Sidhu,PK,15632,12,250.8,0,0
Asia/Gaza,Gaza,PS,410000,0,0.0,0,0
Asia/Gaza,Khān Yūnis,PS,173183,1,23.5,0,0
Asia/Gaza,Jabālyā,PS,168568,1,3.3,0,0
Asia/Gaza,Rafaḩ,PS,126305,2,31.1,0,0
Asia/Gaza,Dayr al Balaḩ,PS,59504,1,14.5,0,0
Asia/Gaza,Bayt Lāhyā,PS,56919,1,5.7,0,0
Asia/Gaza,Bayt Ḩānūn,PS,37392,1,7.5,0,0
Asia/Gaza,An Nuşayrāt,PS,36123,1,9.2,0,0
Asia/Gaza,Al Burayj,PS,34951,1,9.2,0,0
Asia/Gaza,Banī Suhaylā,PS,31272,1,22.2,0,0
Asia/Gaza,Al Qarārah,PS,19500,1,18.6,0,0
Asia/Gaza,‘Abasān al Kabīrah,PS,18163,1,23.6,0,0
Asia/Gaza,Az Zuwāydah,PS,16688,1,10.7,0,0
Asia/Hebron,East Jerusalem,PS,428304,0,0.0,0,0
Asia/Hebron,Hebron,PS,160470,2,31.2,0,0
Asia/Hebron,Nablus,PS,130326,2,48.7,0,0
Asia/Hebron,Ţūlkarm,PS,44169,3,61.9,0,0
Asia/Hebron,Ramallah,PS,43880,1,13.2,0,0
Asia/Hebron,Qalqīlyah,PS,43212,3,51.6,0,0
Asia/Hebron,Yaţţā,PS,41425,2,39.8,0,0
Asia/Hebron,Al Bīrah,PS,38192,1,14.2,0,0
Asia/Hebron,Old City,PS,36000,0,0.7,0,0
Asia/Hebron,Shu‘fāţ,PS,35000,1,3.7,0,0
Asia/Hebron,Janīn,PS,34730,3,75.4,0,0
Asia/Hebron,Bethlehem,PS,29019,1,9.2,0,0
Asia/Hebron,Az̧ Z̧āhirīyah,PS,27616,2,48.3,0,0
Asia/Hebron,Bayt Ḩanīnā,PS,27000,1,5.2,0,0
Asia/Hebron,‘Aţārūt,PS,25595,1,9.4,0,0
Asia/Hebron,Surif City,PS,25242,1,21.8,0,0
Asia/Hebron,Ar Rām wa Ḑāḩiyat al Barīd,PS,24838,1,7.3,0,0
Asia/Hebron,Ḩalḩūl,PS,21076,1,25.8,0,0
Asia/Hebron,Dūrā,PS,20835,2,36.3,0,0
Asia/Hebron,Banī Na‘īm,PS,19783,1,30.5,0,0
Asia/Hebron,Jericho,PS,19783,2,22.4,0,0
Asia/Hebron,As Samū‘,PS,19355,2,45.8,0,0
Asia/Hebron,Qabāţīyah,PS,19127,2,69.9,0,0
Asia/Hebron,Idhnā,PS,18727,2,35.0,0,0
Asia/Hebron,Sa‘īr,PS,17775,1,24.4,0,0
Asia/Hebron,Al ‘Ayzarīyah,PS,17455,1,3.6,0,0
Asia/Hebron,Balāţah,PS,17146,2,47.9,0,0
Asia/Hebron,Bayt Jālā,PS,16183,1,8.7,0,0
Asia/Hebron,Al Yāmūn,PS,16164,2,78.1,0,0
Asia/Hebron,Ţūbās,PS,15591,2,61.1,0,0
Asia/Qatar,Doha,QA,344939,0,0.0,0,0
Asia/Qatar,Ar Rayyān,QA,272465,1,10.7,0,0
Asia/Qatar,Lusail,QA,198600,1,14.9,0,0
Asia/Qatar,Al Maţār al ‘Atīq,QA,76774,1,4.5,0,0
Asia/Qatar,Al Manşūrah,QA,65493,1,1.9,0,0
Asia/Qatar,Az̧ Z̧a‘āyin,QA,54339,1,32.8,0,0
Asia/Qatar,Madīnat Khalīfah,QA,44459,1,6.6,0,0
Asia/Qatar,An Najmah,QA,43695,1,2.4,0,0
Asia/Qatar,Al ‘Unayzah,QA,39761,1,6.2,0,0
Asia/Qatar,Umm Ghuwaylīnah,QA,39457,3,50.9,0,0
Asia/Qatar,As Sadd,QA,36077,1,3.0,0,0
Asia/Qatar,Farīj Kulayb,QA,33263,1,4.9,0,0
Asia/Qatar,Farīj al Amīr,QA,33263,1,6.0,0,0
Asia/Qatar,Umm Şalāl Muḩammad,QA,29391,1,19.1,0,0
Asia/Qatar,Mu‘aydhir Rawḑat Rāshid,QA,27569,1,13.7,0,0
Asia/Qatar,As Sulţah al Jadīdah,QA,27432,1,3.3,0,0
Asia/Qatar,Al Wakrah,QA,26436,1,14.6,0,0
Asia/Qatar,Ath Thumāmah Sab‘ah wa Arba‘ūn,QA,22284,1,6.1,0,0
Asia/Qatar,Ath Thumāmah Sittah wa Arba‘ūn,QA,22284,1,5.8,0,0
Asia/Qatar,Ath Thumāmah Khamsūn,QA,22284,1,7.7,0,0
Asia/Qatar,Nu‘ayjah,QA,19975,1,4.4,0,0
Asia/Qatar,Al Ghānim,QA,19010,1,1.1,0,0
Asia/Qatar,Al Khawr,QA,18923,2,44.4,0,0
Asia/Qatar,Umm Lakhbā,QA,16993,1,8.7,0,0
Asia/Qatar,Al Hilāl al Gharbīyah,QA,15461,1,3.0,0,0
Asia/Qatar,Al Hilāl ash Sharqīyah,QA,15461,1,3.2,0,0
Asia/Riyadh,Jeddah,SA,4697000,0,0.0,0,0
Asia/Riyadh,Riyadh,SA,4205961,40,848.6,0,0
Asia/Riyadh,Makkah,SA,1578722,3,66.5,0,0
Asia/Riyadh,Madinah,SA,1300000,11,334.1,0,0
Asia/Riyadh,Dammam,SA,1252523,59,1237.3,0,0
Asia/Riyadh,Sulţānah,SA,946697,11,336.4,0,0
Asia/Riyadh,Buraydah,SA,745353,34,725.2,0,0
Asia/Riyadh,Ta’if,SA,688693,6,129.6,0,0
Asia/Riyadh,Tabuk,SA,667000,32,812.2,0,0
Asia/Riyadh,Ha'il,SA,605930,27,716.9,0,0
Asia/Riyadh,Najrān,SA,505652,31,682.4,0,0
Asia/Riyadh,Al Kharj,SA,425300,41,885.9,0,0
Asia/Riyadh,Khamis Mushait,SA,387553,23,513.2,0,0
Asia/Riyadh,Al Hufūf,SA,293179,53,1144.9,0,0
Asia/Riyadh,Al Mubarraz,SA,290802,53,1146.7,0,0
Asia/Riyadh,Hafar Al-Batin,SA,271642,47,1030.9,0,0
Asia/Riyadh,Thuqbah,SA,248888,59,1238.9,0,0
Asia/Riyadh,Al Jubayl,SA,237274,58,1222.8,0,0
Asia/Riyadh,Şabyā,SA,228375,26,602.6,0,0
Asia/Riyadh,Abha,SA,210886,23,503.0,0,0
Asia/Riyadh,Yanbu,SA,200161,13,311.2,0,0
Asia/Riyadh,Unaizah,SA,183319,33,708.8,0,0
Asia/Riyadh,Khobar,SA,165799,59,1240.0,0,0
Asia/Riyadh,Arar,SA,148540,32,1070.7,0,0
Asia/Riyadh,Sakakah,SA,128332,27,948.4,0,0
Asia/Riyadh,Az Zulfī,SA,125000,37,783.0,0,0
Asia/Riyadh,Bīshah,SA,115537,18,392.2,0,0
Asia/Riyadh,Jizan,SA,105198,26,621.7,0,0
Asia/Riyadh,Qurayyat,SA,102903,35,1109.6,0,0
Asia/Riyadh,Sabt Alalayah,SA,100000,17,359.0,0,0
Asia/Riyadh,Dhahran,SA,99540,58,1231.8,0,0
Asia/Riyadh,Al Qaţīf,SA,98259,58,1234.8,0,0
Asia/Riyadh,Al Bahah,SA,88419,14,288.5,0,0
Asia/Riyadh,Ad Dawādimī,SA,86861,30,629.6,0,0
Asia/Riyadh,Tārūt,SA,85371,59,1238.0,0,0
Asia/Riyadh,Ar Rass,SA,81728,30,655.5,0,0
Asia/Riyadh,Bariq,SA,75351,18,403.7,0,0
Asia/Riyadh,Rābigh,SA,72928,5,146.3,0,0
Asia/Riyadh,Ash Shafā,SA,72190,6,126.2,0,0
Asia/Riyadh,Al Līth,SA,72000,9,187.1,0,0
Asia/Riyadh,Abū ‘Arīsh,SA,69632,27,631.8,0,0
Asia/Riyadh,Sayhāt,SA,66702,59,1234.6,0,0
Asia/Riyadh,Ţurayf,SA,66014,31,1133.4,0,0
Asia/Riyadh,King Faisal Military City,SA,65000,47,1032.0,0,0
Asia/Riyadh,Ras Tanura,SA,62314,59,1246.8,0,0
Asia/Riyadh,Ad Dir‘īyah,SA,61609,39,834.6,0,0
Asia/Riyadh,Al Khafjī,SA,54857,57,1214.4,0,0
Asia/Riyadh,Baljurashi,SA,51787,14,306.1,0,0
Asia/Riyadh,Al Badā’i‘ al Wusţá,SA,48474,32,681.3,0,0
Asia/Riyadh,Ranyah,SA,45942,16,380.1,0,0
Asia/Riyadh,Şafwá,SA,45876,58,1234.0,0,0
Asia/Riyadh,Afif,SA,45525,22,467.6,0,0
Asia/Riyadh,Al Bukayrīyah,SA,43229,32,688.4,0,0
Asia/Riyadh,‘Irqah,SA,42179,39,838.0,0,0
Asia/Riyadh,Raḩīmah,SA,41188,59,1246.3,0,0
Asia/Riyadh,Turaif,SA,40819,31,1133.4,0,0
Asia/Riyadh,Ţubarjal,SA,40019,30,1006.5,0,0
Asia/Riyadh,Taymā’,SA,37579,23,685.0,0,0
Asia/Riyadh,Ad Dilam,SA,35371,39,863.7,0,0
Asia/Riyadh,Umluj,SA,33874,19,438.8,0,0
Asia/Riyadh,Al Mithnab,SA,33341,33,706.3,0,0
Asia/Riyadh,Al-`Ula,SA,32413,22,583.4,0,0
Asia/Riyadh,Shaqra,SA,32215,35,746.2,0,0
Asia/Riyadh,Ḥawṭah Banī Tamīm,SA,30720,37,821.0,0,0
Asia/Riyadh,Fayfā’,SA,29793,28,625.1,0,0
Asia/Riyadh,Laylá,SA,29698,33,782.7,0,0
Asia/Riyadh,Abqaiq,SA,29474,55,1175.5,0,0
Asia/Riyadh,Al Khurmah,SA,28491,13,297.6,0,0
Asia/Riyadh,Turubah,SA,28279,34,841.6,0,0
Asia/Riyadh,Badr Ḩunayn,SA,27257,9,258.2,0,0
Asia/Riyadh,Thuwal,SA,26957,3,88.5,0,0
Asia/Riyadh,Şāmitah,SA,26945,29,672.4,0,0
Asia/Riyadh,Al Wajh,SA,26636,26,595.3,0,0
Asia/Riyadh,Al ‘Awwāmīyah,SA,26276,58,1233.4,0,0
Asia/Riyadh,Ḑamad,SA,26079,27,616.5,0,0
Asia/Riyadh,Ḩaql,SA,25649,41,965.6,0,0
Asia/Riyadh,Riyāḑ al Khabrā’,SA,25588,31,675.5,0,0
Asia/Riyadh,King Khalid Military City,SA,25356,43,960.1,0,0
Asia/Riyadh,Rumāḩ,SA,25031,44,930.7,0,0
Asia/Riyadh,An Nimas,SA,24153,19,401.9,0,0
Asia/Riyadh,As Sulayyil,SA,24097,29,673.4,0,0
Asia/Riyadh,Al Mash‘ilīyah,SA,23252,32,691.6,0,0
Asia/Riyadh,Turabah,SA,23235,11,255.3,0,0
Asia/Riyadh,Al Jumūm,SA,22207,3,54.7,0,0
Asia/Riyadh,Duba,SA,22000,33,741.5,0,0
Asia/Riyadh,Aţ Ţaraf,SA,21386,54,1158.0,0,0
Asia/Riyadh,Qaisumah,SA,20685,47,1031.6,0,0
Asia/Riyadh,Mahd adh Dhahab,SA,20272,13,283.5,0,0
Asia/Riyadh,Khulayş,SA,20139,3,75.3,0,0
Asia/Riyadh,‘Inak,SA,20038,58,1234.3,0,0
Asia/Riyadh,Sarāt ‘Abīdah,SA,19855,26,559.8,0,0
Asia/Riyadh,Baq‘ā’,SA,19659,31,783.3,0,0
Asia/Riyadh,Al ‘Aqīq,SA,19269,12,249.6,0,0
Asia/Riyadh,Al ‘Aqīq,SA,19269,14,290.8,0,0
Asia/Riyadh,Al Khabrā’,SA,16906,32,680.7,0,0
Asia/Riyadh,Al Baţţālīyah,SA,16606,54,1151.8,0,0
Asia/Riyadh,Al Munayzilah,SA,16296,54,1153.0,0,0
Asia/Riyadh,‘Uyūn al Jiwā’,SA,15619,33,716.8,0,0
Africa/Khartoum,Khartoum,SD,1974647,0,0.0,0,0
Africa/Khartoum,Omdurman,SD,1849659,1,11.9,0,0
Africa/Khartoum,Khartoum North,SD,1012211,1,10.8,0,0
Africa/Khartoum,Nyala,SD,565734,40,913.3,0,0
Africa/Khartoum,Port Sudan,SD,489725,29,671.4,0,0
Africa/Khartoum,Kassala,SD,401477,16,414.6,0,0
Africa/Khartoum,El Obeid,SD,393311,16,362.7,0,0
Africa/Khartoum,Al Qadarif,SD,363945,16,349.8,0,0
Africa/Khartoum,Kosti,SD,345068,7,266.0,0,0
Africa/Khartoum,Wad Medani,SD,332714,7,166.2,0,0
Africa/Khartoum,El Daein,SD,264734,36,828.5,0,0
Africa/Khartoum,El Fasher,SD,252609,34,801.9,0,0
Africa/Khartoum,Singa,SD,250000,12,306.8,0,0
Africa/Khartoum,Ad-Damazin,SD,186051,17,462.6,0,0
Africa/Khartoum,Al-Junaynah,SD,162981,46,1110.3,0,0
Africa/Khartoum,Rabak,SD,135281,7,264.6,0,0
Africa/Khartoum,El Geneina Fort,SD,134264,46,1108.7,0,0
Africa/Khartoum,Sennar,SD,130122,9,247.0,0,0
Africa/Khartoum,Al Manāqil,SD,128297,5,153.3,0,0
Africa/Khartoum,Gereida,SD,120000,40,930.0,0,0
Africa/Khartoum,Atbara,SD,112021,11,284.9,0,0
Africa/Khartoum,An Nuhūd,SD,108008,24,543.9,0,0
Africa/Khartoum,Ad-Damir,SD,103941,11,274.5,0,0
Africa/Khartoum,Kadugli,SD,87666,23,589.6,0,0
Africa/Khartoum,Ad Douiem,SD,87068,5,174.0,0,0
Africa/Khartoum,Burām,SD,65473,41,953.4,0,0
Africa/Khartoum,Shendi,SD,63746,7,159.2,0,0
Africa/Khartoum,New Halfa,SD,63589,13,329.6,0,0
Africa/Khartoum,Dilling,SD,59089,20,498.5,0,0
Africa/Khartoum,Er Roseires,SD,58712,17,456.2,0,0
Africa/Khartoum,Umm Ruwaba,SD,56833,12,326.6,0,0
Africa/Khartoum,Dongola,SD,56167,18,458.8,0,0
Africa/Khartoum,'Ārdamatā,SD,55637,46,1105.7,0,0
Africa/Khartoum,Kas,SD,55255,41,951.7,0,0
Africa/Khartoum,Mellit,SD,50165,32,766.8,0,0
Africa/Khartoum,Sh'īarīah,SD,48966,36,825.9,0,0
Africa/Khartoum,Al Hasaheisa,SD,47408,5,121.1,0,0
Africa/Khartoum,Abu Jibeha,SD,47188,16,476.7,0,0
Africa/Khartoum,Khashm al Qirbah,SD,42900,15,368.8,0,0
Africa/Khartoum,Suakin,SD,42456,28,644.7,0,0
Africa/Khartoum,Kabkābīyah,SD,42376,39,933.3,0,0
Africa/Khartoum,Tullus,SD,41807,43,997.7,0,0
Africa/Khartoum,Al Mijlad,SD,40418,30,722.5,0,0
Africa/Khartoum,Tokār,SD,37051,28,638.3,0,0
Africa/Khartoum,Ar Rahad,SD,36518,15,374.9,0,0
Africa/Khartoum,Sinkat,SD,35617,26,585.3,0,0
Africa/Khartoum,Zalinjay,SD,35061,43,1019.8,0,0
Africa/Khartoum,Kutum,SD,34694,35,858.5,0,0
Africa/Khartoum,As Sūkī,SD,33524,11,288.0,0,0
Africa/Khartoum,Babanūsah,SD,32759,30,694.1,0,0
Africa/Khartoum,Tandaltī,SD,31329,9,290.9,0,0
Africa/Khartoum,Jubayt,SD,30856,26,593.0,0,0
Africa/Khartoum,Al-Fāw,SD,30629,10,232.1,0,0
Africa/Khartoum,Al Ḩawātah,SD,30184,14,327.9,0,0
Africa/Khartoum,Maiurno,SD,28727,10,267.0,0,0
Africa/Khartoum,Rufā‘a,SD,28374,6,125.7,0,0
Africa/Khartoum,Al-Quṭaynah,SD,26893,4,95.9,0,0
Africa/Khartoum,Kināna,SD,26233,7,182.0,0,0
Africa/Khartoum,Berber,SD,26203,12,315.1,0,0
Africa/Khartoum,Al Fūlah,SD,26020,26,619.4,0,0
Africa/Khartoum,Ad-Dindar,SD,25567,12,298.4,0,0
Africa/Khartoum,Rahad al Bardi,SD,24768,45,1047.9,0,0
Africa/Khartoum,Abū Zabad,SD,23317,21,502.2,0,0
Africa/Khartoum,Ghubaysh,SD,22733,29,675.3,0,0
Africa/Khartoum,Al Jazeera Aba,SD,21683,6,248.4,0,0
Africa/Khartoum,Al-Fashaqah,SD,21106,17,380.5,0,0
Africa/Khartoum,Umm Shawkah,SD,20302,11,281.8,0,0
Africa/Khartoum,Abyei,SD,20000,31,797.6,0,0
Africa/Khartoum,Doka,SD,19821,18,415.2,0,0
Africa/Khartoum,Kuraymah,SD,19593,11,341.2,0,0
Africa/Khartoum,El Bauga,SD,19141,12,335.0,0,0
Africa/Khartoum,Al Qiţena,SD,18321,3,78.4,0,0
Africa/Khartoum,Al Hilāliyya,SD,17345,5,101.5,0,0
Africa/Khartoum,Bārah,SD,16969,14,310.9,0,0
Africa/Khartoum,Wadi Halfa,SD,15725,22,705.0,0,0
Africa/Khartoum,Ad Dindar,SD,15144,13,315.2,0,0
Africa/Freetown,Freetown,SL,802639,0,0.0,0,0
Africa/Freetown,Kenema,SL,255110,10,235.1,0,0
Africa/Freetown,Bo,SL,233684,7,174.7,0,0
Africa/Freetown,Koidu,SL,128030,10,249.6,0,0
Africa/Freetown,Makeni,SL,85116,6,138.3,0,0
Africa/Freetown,Waterloo,SL,55000,1,24.5,0,0
Africa/Freetown,Port Loko,SL,44900,3,58.3,0,0
Africa/Freetown,Njala,SL,40000,6,137.2,0,0
Africa/Freetown,Lunsar,SL,22461,4,80.1,0,0
Africa/Freetown,Goderich,SL,19209,1,8.6,0,0
Africa/Freetown,Kabala,SL,17948,9,221.7,0,0
Africa/Freetown,Segbwema,SL,16532,10,257.4,0,0
Africa/Freetown,Bumpe,SL,16123,7,160.7,0,0
Africa/Freetown,Mile 91,SL,15491,5,112.3,0,0
Africa/Dakar,Dakar,SN,2646503,0,0.0,0,0
Africa/Dakar,Pikine,SN,1170791,1,9.7,0,0
Africa/Dakar,Touba,SN,1120824,7,169.7,0,0
Africa/Dakar,Guédiawaye,SN,329659,1,10.0,0,0
Africa/Dakar,Thiès,SN,317763,3,56.7,0,0
Africa/Dakar,Kaolack,SN,298904,7,159.5,0,0
Africa/Dakar,Rufisque,SN,295459,1,18.5,0,0
Africa/Dakar,Mbour,SN,284189,3,59.9,0,0
Africa/Dakar,Saint-Louis,SN,254171,7,179.3,0,0
Africa/Dakar,Thiès Nones,SN,252320,3,52.3,0,0
Africa/Dakar,Rufisque est,SN,221066,1,18.6,0,0
Africa/Dakar,Ziguinchor,SN,214874,9,268.1,0,0
Africa/Dakar,Diourbel,SN,157554,5,129.2,0,0
Africa/Dakar,Tambacounda,SN,149071,17,419.8,0,0
Africa/Dakar,Louga,SN,113365,7,166.5,0,0
Africa/Dakar,Kolda,SN,103574,14,336.3,0,0
Africa/Dakar,Tivaouane,SN,102658,3,73.4,0,0
Africa/Dakar,Mbaké,SN,101451,7,165.5,0,0
Africa/Dakar,Tiébo,SN,100289,5,130.4,0,0
Africa/Dakar,Yoff,SN,89442,1,7.7,0,0
Africa/Dakar,Keur Médoune,SN,77255,7,165.7,0,0
Africa/Dakar,Richard-Toll,SN,73147,11,271.2,0,0
Africa/Dakar,Dougnane,SN,69556,3,68.4,0,0
Africa/Dakar,Bargny,SN,69242,1,23.0,0,0
Africa/Dakar,Kaffrine,SN,57307,9,214.1,0,0
Africa/Dakar,Bargny Guèdj,SN,51188,1,23.2,0,0
Africa/Dakar,Bargny Ngoude,SN,51188,1,22.5,0,0
Africa/Dakar,Nguékhokh,SN,47964,2,51.4,0,0
Africa/Dakar,Diamniadio,SN,47759,2,28.4,0,0
Africa/Dakar,Joal,SN,45903,4,86.3,0,0
Africa/Dakar,Dara,SN,45530,10,223.1,0,0
Africa/Dakar,Vélingara,SN,45431,17,398.0,0,0
Africa/Dakar,Sébikhotane,SN,42839,2,33.4,0,0
Africa/Dakar,Sali,SN,41811,3,53.6,0,0
Africa/Dakar,Niakoul Rab,SN,41570,1,20.9,0,0
Africa/Dakar,Jaxaay Parcelle Niakoul Rap,SN,41570,1,19.8,0,0
Africa/Dakar,Mboro,SN,40811,4,77.8,0,0
Africa/Dakar,Fatick,SN,39361,5,118.8,0,0
Africa/Dakar,Bambey,SN,37374,4,105.9,0,0
Africa/Dakar,Médina Gounas,SN,36588,18,434.1,0,0
Africa/Dakar,N’diareme limamoulaye,SN,35171,1,11.7,0,0
Africa/Dakar,Le Plateau,SN,34713,1,3.5,0,0
Africa/Dakar,Ndibène Dahra,SN,32941,10,223.0,0,0
Africa/Dakar,Sédhiou,SN,31511,12,300.5,0,0
Africa/Dakar,Koungheul,SN,31149,12,295.6,0,0
Africa/Dakar,Kédougou,SN,30051,26,616.4,0,0
Africa/Dakar,Bignona,SN,28642,9,247.3,0,0
Africa/Dakar,Matam,SN,27695,19,462.1,0,0
Africa/Dakar,Mékhé,SN,27566,5,99.7,0,0
Africa/Dakar,Ouro Sogui,SN,27222,19,453.9,0,0
Africa/Dakar,Kahone,SN,26376,7,162.9,0,0
Africa/Dakar,Diaoubé,SN,26165,17,405.3,0,0
Africa/Dakar,Poukham Un,SN,24146,5,117.2,0,0
Africa/Dakar,Pout,SN,23728,2,42.1,0,0
Africa/Dakar,Kayar,SN,23585,2,42.9,0,0
Africa/Dakar,Dagana,SN,21750,12,279.8,0,0
Africa/Dakar,Koungneul Sossé,SN,20942,12,294.4,0,0
Africa/Dakar,Nioro du Rip,SN,20784,9,205.9,0,0
Africa/Dakar,Guinguinéo,SN,20340,7,168.1,0,0
Africa/Dakar,Khombole,SN,20321,4,81.3,0,0
Africa/Dakar,Ndioum,SN,20270,16,361.4,0,0
Africa/Dakar,Thiadiaye,SN,20168,4,85.4,0,0
Africa/Dakar,Kébémer,SN,19902,6,131.7,0,0
Africa/Dakar,Linguère,SN,19191,11,261.5,0,0
Africa/Dakar,Goudomp,SN,18239,11,290.2,0,0
Africa/Dakar,Gandiaye,SN,18239,6,135.7,0,0
Africa/Dakar,Koumpentoum,SN,15723,13,319.9,0,0
Africa/Dakar,Gossas Village,SN,15630,6,145.0,0,0
Africa/Dakar,Kbombole,SN,15587,4,80.4,0,0
Africa/Dakar,Kanel,SN,15244,19,466.7,0,0
Africa/Dakar,Thilogne,SN,15044,18,428.5,0,0
Africa/Mogadishu,Mogadishu,SO,2587183,0,0.0,0,0
Africa/Mogadishu,Borama,SO,597842,25,910.2,0,0
Africa/Mogadishu,Hargeysa,SO,477876,21,848.4,0,0
Africa/Mogadishu,Berbera,SO,242344,19,935.0,0,0
Africa/Mogadishu,Kismayo,SO,234852,16,409.5,0,0
Africa/Mogadishu,Marka,SO,230100,3,72.9,0,0
Africa/Mogadishu,El Dibir,SO,200000,44,1260.8,0,0
Africa/Mogadishu,Ruqi,SO,148702,24,907.5,0,0
Africa/Mogadishu,Baidoa,SO,129839,9,223.0,0,0
Africa/Mogadishu,Burao,SO,99270,16,832.6,0,0
Africa/Mogadishu,Kaambooni,SO,79000,22,584.3,0,0
Africa/Mogadishu,Gebiley,SO,77320,23,873.0,0,0
Africa/Mogadishu,Bosaso,SO,74287,35,1112.0,0,0
Africa/Mogadishu,Beled Hawo,SO,73000,18,438.4,0,0
Africa/Mogadishu,Afgooye,SO,65461,2,27.2,0,0
Africa/Mogadishu,Gaalkacyo,SO,61200,18,574.8,0,0
Africa/Mogadishu,Laascaanood,SO,60100,21,750.1,0,0
Africa/Mogadishu,Garoowe,SO,57300,26,788.4,0,0
Africa/Mogadishu,Beledweyne,SO,55410,6,300.5,0,0
Africa/Mogadishu,Qoryooley,SO,51720,4,94.6,0,0
Africa/Mogadishu,Jawhar,SO,47086,2,84.5,0,0
Africa/Mogadishu,Jilib,SO,43694,13,332.5,0,0
Africa/Mogadishu,Jamaame,SO,42270,14,362.4,0,0
Africa/Mogadishu,Baardheere,SO,42240,13,342.5,0,0
Africa/Mogadishu,Dhabad,SO,36000,14,504.1,0,0
Africa/Mogadishu,Ceerigaabo,SO,33853,26,979.8,0,0
Africa/Mogadishu,Luuq,SO,33820,15,367.7,0,0
Africa/Mogadishu,Buurhakaba,SO,27792,7,164.4,0,0
Africa/Mogadishu,Dhamas,SO,27000,19,462.2,0,0
Africa/Mogadishu,Ceeldheer,SO,26562,11,286.7,0,0
Africa/Mogadishu,Saaxo,SO,26000,16,550.7,0,0
Africa/Mogadishu,Tog Wajaale,SO,22700,24,869.7,0,0
Africa/Mogadishu,Wanlaweyn,SO,22022,3,81.7,0,0
Africa/Mogadishu,Diinsoor,SO,20000,11,266.2,0,0
Africa/Mogadishu,Baki,SO,20000,24,899.8,0,0
Africa/Mogadishu,Qandala,SO,19300,38,1162.0,0,0
Africa/Mogadishu,Eyl,SO,18904,30,825.8,0,0
Africa/Mogadishu,Saylac,SO,18600,27,1056.3,0,0
Africa/Mogadishu,Bu’aale,SO,17475,13,324.6,0,0
Africa/Mogadishu,Buulobarde,SO,16928,5,203.5,0,0
Asia/Damascus,Aleppo,SY,2098210,0,0.0,0,0
Asia/Damascus,Damascus,SY,1569394,11,309.6,0,0
Asia/Damascus,Homs,SY,775404,6,168.9,0,0
Asia/Damascus,Latakia,SY,709000,8,144.2,0,0
Asia/Damascus,Ar Raqqah,SY,531952,8,168.2,0,0
Asia/Damascus,Ḩamāh,SY,460602,5,124.4,0,0
Asia/Damascus,Ţarţūs,SY,458327,9,186.0,0,0
Asia/Damascus,Al Ḩasakah,SY,422445,16,322.9,0,0
Asia/Damascus,Deir ez-Zor,SY,271800,15,285.5,0,0
Asia/Damascus,Al Qāmishlī,SY,184231,19,375.3,0,0
Asia/Damascus,Al Bāb,SY,130745,2,36.9,0,0
Asia/Damascus,Idlib,SY,128840,3,56.1,0,0
Asia/Damascus,Dūmā,SY,111864,10,300.5,0,0
Asia/Damascus,al-Yarmūk,SY,99999,11,313.7,0,0
Asia/Damascus,Jaramānā,SY,99999,11,310.9,0,0
Asia/Damascus,Manbij,SY,99497,5,79.8,0,0
Asia/Damascus,Dar‘ā,SY,97969,14,410.0,0,0
Asia/Damascus,As Salamīyah,SY,94887,4,132.7,0,0
Asia/Damascus,Al-Tabqa,SY,87880,7,131.1,0,0
Asia/Damascus,Dārayyā,SY,71596,11,316.5,0,0
Asia/Damascus,I‘zāz,SY,66138,2,44.1,0,0
Asia/Damascus,Jablah,SY,65915,8,145.2,0,0
Asia/Damascus,As Safīrah,SY,63708,2,23.5,0,0
Asia/Damascus,As-Suwayda,SY,59052,12,392.1,0,0
Asia/Damascus,Ālbū Kamāl,SY,57572,20,392.4,0,0
Asia/Damascus,At Tall,SY,55561,10,298.3,0,0
Asia/Damascus,Al Mayādīn,SY,54534,17,325.1,0,0
Asia/Damascus,Ar Rastan,SY,53152,5,146.9,0,0
Asia/Damascus,Muadamiyat al-Sham,SY,52738,11,316.6,0,0
Asia/Damascus,Kabbasin,SY,51230,3,44.7,0,0
Asia/Damascus,Tadmur,SY,51015,9,208.7,0,0
Asia/Damascus,Babīlā,SY,50880,11,312.9,0,0
Asia/Damascus,‘Ayn al ‘Arab,SY,50000,7,131.2,0,0
Asia/Damascus,An Nabk,SY,49372,8,245.3,0,0
Asia/Damascus,Khān Shaykhūn,SY,48975,4,96.1,0,0
Asia/Damascus,‘Afrīn,SY,48693,2,43.3,0,0
Asia/Damascus,Nawá,SY,47066,13,382.6,0,0
Asia/Damascus,Kafranbel,SY,45652,4,84.6,0,0
Asia/Damascus,‘Irbīn,SY,42474,10,305.0,0,0
Asia/Damascus,Al Quşayr,SY,41062,7,195.5,0,0
Asia/Damascus,Yabrūd,SY,40502,8,252.4,0,0
Asia/Damascus,Jisr ash Shughūr,SY,39311,5,87.1,0,0
Asia/Damascus,Bāniyās,SY,39066,8,157.6,0,0
Asia/Damascus,Tallbīsah,SY,38491,6,156.2,0,0
Asia/Damascus,Ḩarastā,SY,37348,10,302.7,0,0
Asia/Damascus,Al Qunayţirah,SY,36143,14,363.1,0,0
Asia/Damascus,Tādif,SY,34670,2,37.0,0,0
Asia/Damascus,Saraqib,SY,34231,3,49.2,0,0
Asia/Damascus,Jayrūd,SY,32352,8,269.0,0,0
Asia/Damascus,Maşyāf,SY,32262,7,146.5,0,0
Asia/Damascus,Ma‘arratmişrīn,SY,32163,3,48.8,0,0
Asia/Damascus,Al Qaryatayn,SY,31748,6,219.4,0,0
Asia/Damascus,Salqīn,SY,31608,3,64.0,0,0
Asia/Damascus,Ţafas,SY,31249,14,398.0,0,0
Asia/Damascus,Şūrān,SY,30716,4,107.8,0,0
Asia/Damascus,Şaḩnāyā,SY,30519,11,320.3,0,0
Asia/Damascus,Binnish,SY,30354,3,48.5,0,0
Asia/Damascus,Jāsim,SY,30283,13,370.9,0,0
Asia/Damascus,Burj Islām,SY,30000,7,135.6,0,0
Asia/Damascus,Tallkalakh,SY,29754,8,189.0,0,0
Asia/Damascus,Az Zabadānī,SY,29549,11,291.8,0,0
Asia/Damascus,Dā‘il,SY,29408,13,394.8,0,0
Asia/Damascus,Ţayyibat al Imām,SY,29259,5,111.6,0,0
Asia/Damascus,Hajīn,SY,29237,19,372.2,0,0
Asia/Damascus,Inkhil,SY,29076,13,366.3,0,0
Asia/Damascus,Dayr Ḩāfir,SY,28905,3,49.3,0,0
Asia/Damascus,Şāfītā,SY,27815,8,180.2,0,0
Asia/Damascus,‘Āmūdā,SY,26821,18,350.9,0,0
Asia/Damascus,Al Mālikīyah,SY,26311,23,457.0,0,0
Asia/Damascus,Shaykh Miskīn,SY,25920,13,386.3,0,0
Asia/Damascus,Aş Şanamayn,SY,25702,12,359.3,0,0
Asia/Damascus,Tall Rif‘at,SY,25658,1,30.7,0,0
Asia/Damascus,Batabo,SY,25560,2,38.5,0,0
Asia/Damascus,Nubl,SY,25546,2,24.8,0,0
Asia/Damascus,Subaykhān,SY,25514,18,345.4,0,0
Asia/Damascus,Jarābulus,SY,24997,6,102.3,0,0
Asia/Damascus,Al Ḩirāk,SY,23784,13,391.7,0,0
Asia/Damascus,Al Kiswah,SY,23526,11,327.1,0,0
Asia/Damascus,Ḩalfāyā,SY,23403,5,116.0,0,0
Asia/Damascus,Kafr Takhārīm,SY,22436,3,58.7,0,0
Asia/Damascus,Ad Dānā,SY,21987,2,35.1,0,0
Asia/Damascus,Kafr Zaytā,SY,21845,5,104.8,0,0
Asia/Damascus,Kafr Lāhā,SY,21819,6,157.3,0,0
Asia/Damascus,Ad Darbāsīyah,SY,21481,17,326.2,0,0
Asia/Damascus,Qārah,SY,20656,7,230.6,0,0
Asia/Damascus,Zākīyah,SY,18553,12,331.7,0,0
Asia/Damascus,Qaţanā,SY,18511,12,322.8,0,0
Asia/Damascus,Maharda,SY,17578,5,118.6,0,0
Asia/Damascus,Al Quţayfah,SY,16118,9,278.6,0,0
Africa/Ndjamena,N'Djamena,TD,1359526,0,0.0,0,0
Africa/Ndjamena,Moundou,TD,196124,12,408.7,0,0
Africa/Ndjamena,Abéché,TD,139983,28,655.7,0,0
Africa/Ndjamena,Sarh,TD,138928,20,491.5,0,0
Africa/Ndjamena,Kelo,TD,82677,9,322.1,0,0
Africa/Ndjamena,Am Timan,TD,74691,24,582.8,0,0
Africa/Ndjamena,Doba,TD,70942,15,430.9,0,0
Africa/Ndjamena,Pala,TD,70677,7,305.3,0,0
Africa/Ndjamena,Bongor,TD,63699,6,206.2,0,0
Africa/Ndjamena,Goz Beida,TD,58941,26,692.0,0,0
Africa/Ndjamena,Koumra,TD,54109,17,448.3,0,0
Africa/Ndjamena,Mongo,TD,53768,15,396.2,0,0
Africa/Ndjamena,Bol,TD,51389,5,155.5,0,0
Africa/Ndjamena,Mao,TD,50681,6,226.0,0,0
Africa/Ndjamena,Déressia,TD,50113,10,293.2,0,0
Africa/Ndjamena,Iriba,TD,47972,36,847.5,0,0
Africa/Ndjamena,Faya-Largeau,TD,44011,31,780.1,0,0
Africa/Ndjamena,Bitkine,TD,41871,13,345.0,0,0
Africa/Ndjamena,Bébédja,TD,40289,14,416.2,0,0
Africa/Ndjamena,Massakory,TD,39944,5,124.1,0,0
Africa/Ndjamena,Umm Hājar,TD,37941,22,521.6,0,0
Africa/Ndjamena,Moussoro,TD,35100,10,231.9,0,0
Africa/Ndjamena,Biltine,TD,33540,30,690.9,0,0
Africa/Ndjamena,Léré,TD,32721,9,288.4,0,0
Africa/Ndjamena,Fianga,TD,31668,5,244.0,0,0
Africa/Ndjamena,Goré,TD,30936,14,416.7,0,0
Africa/Ndjamena,Ati,TD,29867,16,378.1,0,0
Africa/Ndjamena,Amdjarass,TD,29793,41,948.4,0,0
Africa/Ndjamena,Gounou Gaya,TD,29742,8,280.2,0,0
Africa/Ndjamena,Massaguet,TD,28401,3,59.1,0,0
Africa/Ndjamena,Laï,TD,27071,11,331.1,0,0
Africa/Ndjamena,Bokoro,TD,26095,9,221.0,0,0
Africa/Ndjamena,Guelendeng,TD,23320,5,143.2,0,0
Africa/Ndjamena,Kyabé,TD,22806,22,518.3,0,0
Africa/Ndjamena,Adré,TD,21950,32,790.4,0,0
Africa/Ndjamena,Maro,TD,21274,17,433.2,0,0
Africa/Ndjamena,Mandelia,TD,19373,2,47.2,0,0
Africa/Ndjamena,Dourbali,TD,18604,4,95.5,0,0
Africa/Ndjamena,Benoy,TD,17285,12,374.2,0,0
Africa/Ndjamena,Moïssala,TD,17281,19,513.9,0,0
Africa/Ndjamena,Fada,TD,17240,39,902.1,0,0
Africa/Ndjamena,Mboursou Léré,TD,17132,9,278.1,0,0
Africa/Ndjamena,Bousso,TD,16732,11,256.0,0,0
Africa/Ndjamena,Mangalmé,TD,15939,19,497.3,0,0
Africa/Ndjamena,Bédiondo,TD,15841,16,452.1,0,0
Africa/Ndjamena,Béré,TD,15431,11,332.8,0,0
Asia/Dushanbe,Dushanbe,TJ,679400,0,0.0,0,0
Asia/Dushanbe,Isfara,TJ,274000,12,237.7,0,0
Asia/Dushanbe,Istaravshan,TJ,273500,5,154.5,0,0
Asia/Dushanbe,Kŭlob,TJ,214700,6,111.7,0,0
Asia/Dushanbe,Konibodom,TJ,211100,12,241.6,0,0
Asia/Dushanbe,Khujand,TJ,191000,9,207.3,0,0
Asia/Dushanbe,Bokhtar,TJ,110800,2,77.7,0,0
Asia/Dushanbe,Qayroqqum,TJ,49200,10,211.3,0,0
Asia/Dushanbe,Vahdat,TJ,45693,1,20.5,0,0
Asia/Dushanbe,Tursunzoda,TJ,37000,3,47.7,0,0
Asia/Dushanbe,Buston,TJ,36900,9,204.6,0,0
Asia/Dushanbe,Panjakent,TJ,35085,8,147.0,0,0
Asia/Dushanbe,Zarhalol,TJ,30689,6,130.5,0,0
Asia/Dushanbe,Khorugh,TJ,30500,15,269.4,0,0
Asia/Dushanbe,Muchun,TJ,27835,6,153.6,0,0
Asia/Dushanbe,Ishqoshim,TJ,26000,17,320.7,0,0
Asia/Dushanbe,Hisor,TJ,23978,1,19.9,0,0
Asia/Dushanbe,Boshkengash,TJ,23696,1,8.1,0,0
Asia/Dushanbe,Dalyoni Bolo,TJ,23670,5,136.2,0,0
Asia/Dushanbe,Shahriston,TJ,22903,4,137.8,0,0
Asia/Dushanbe,Danghara,TJ,22824,4,69.2,0,0
Asia/Dushanbe,Moskovskiy,TJ,22100,4,104.5,0,0
Asia/Dushanbe,Hulbuk,TJ,21736,6,111.0,0,0
Asia/Dushanbe,Farkhor,TJ,21736,6,128.3,0,0
Asia/Dushanbe,Chubek,TJ,19563,7,130.6,0,0
Asia/Dushanbe,Kolkhozobod,TJ,18476,4,105.9,0,0
Asia/Dushanbe,Norak,TJ,18122,3,50.1,0,0
Asia/Dushanbe,Istiqlol,TJ,17600,10,238.0,0,0
Asia/Dushanbe,Yovon,TJ,17471,2,33.4,0,0
Asia/Dushanbe,Proletar,TJ,16441,8,191.7,0,0
Asia/Dushanbe,Vakhsh,TJ,15215,3,91.4,0,0
Asia/Ashgabat,Ashgabat,TM,1030063,0,0.0,0,0
Asia/Ashgabat,Türkmenabat,TM,230861,25,468.9,0,0
Asia/Ashgabat,Daşoguz,TM,201142,19,452.7,0,0
Asia/Ashgabat,Mary,TM,167027,15,305.5,0,0
Asia/Ashgabat,Türkmenbaşy,TM,91745,28,522.6,0,0
Asia/Ashgabat,Balkanabat,TM,87822,21,389.2,0,0
Asia/Ashgabat,Bayramaly,TM,70376,17,334.5,0,0
Asia/Ashgabat,Tejen,TM,67488,11,197.1,0,0
Asia/Ashgabat,Gyzylarbat,TM,48558,12,216.1,0,0
Asia/Ashgabat,Magdanly,TM,44508,32,672.5,0,0
Asia/Ashgabat,Boldumsaz,TM,39532,19,477.3,0,0
Asia/Ashgabat,Abadan,TM,39481,1,20.0,0,0
Asia/Ashgabat,Yolöten,TM,37705,18,357.6,0,0
Asia/Ashgabat,Bäherden,TM,37588,6,99.2,0,0
Asia/Ashgabat,Köneürgenç,TM,37176,18,491.0,0,0
Asia/Ashgabat,Yylanly,TM,36594,18,445.1,0,0
Asia/Ashgabat,Gökdepe,TM,33381,3,43.7,0,0
Asia/Ashgabat,Kaka,TM,33315,7,127.4,0,0
Asia/Ashgabat,Kerki,TM,33242,28,598.7,0,0
Asia/Ashgabat,Sarahs,TM,31269,16,296.6,0,0
Asia/Ashgabat,Gumdag,TM,30884,19,358.1,0,0
Asia/Ashgabat,Änew,TM,28653,1,13.5,0,0
Asia/Ashgabat,Görogly,TM,26770,18,431.8,0,0
Asia/Ashgabat,Bereket,TM,24500,16,287.8,0,0
Asia/Ashgabat,Oýrat,TM,21160,19,462.9,0,0
Asia/Ashgabat,Gazojak,TM,21021,23,443.3,0,0
Asia/Ashgabat,Halaç,TM,20778,27,569.2,0,0
Asia/Ashgabat,Gämi,TM,18148,1,9.0,0,0
Asia/Ashgabat,Seydi,TM,17762,23,428.3,0,0
Asia/Ashgabat,Saýat,TM,17762,25,488.1,0,0
Asia/Ashgabat,Gubadag,TM,17118,20,478.1,0,0
Asia/Ashgabat,Türkmengala,TM,16696,18,352.8,0,0
Asia/Ashgabat,Çaşgyn,TM,15470,14,278.4,0,0
Asia/Ashgabat,Magtymguly,TM,15386,10,191.3,0,0
Asia/Ashgabat,Jebel,TM,15056,22,405.0,0,0
Africa/Tunis,Tunis,TN,693210,0,0.0,0,0
Africa/Tunis,Sfax,TN,280566,9,237.2,0,0
Africa/Tunis,Sousse,TN,221715,5,118.3,0,0
Africa/Tunis,Sukrah,TN,159862,1,9.7,0,0
Africa/Tunis,Kairouan,TN,139070,4,127.0,0,0
Africa/Tunis,Bizerte,TN,138430,3,56.9,0,0
Africa/Tunis,Sīdī Ḥusayn,TN,130255,1,8.2,0,0
Africa/Tunis,Sakiet ed Daier,TN,125204,9,232.4,0,0
Africa/Tunis,El Mourouj,TN,120732,1,12.3,0,0
Africa/Tunis,Aryanah,TN,114486,1,5.2,0,0
Africa/Tunis,Gabès,TN,110075,8,326.7,0,0
Africa/Tunis,Hammamet,TN,106326,3,61.6,0,0
Africa/Tunis,Sakiet ez Zit,TN,100000,8,230.7,0,0
Africa/Tunis,Gafsa,TN,95242,12,294.0,0,0
Africa/Tunis,Rawad,TN,94961,1,8.6,0,0
Africa/Tunis,Monastir,TN,93306,6,130.0,0,0
Africa/Tunis,La Marsa,TN,92987,1,15.6,0,0
Africa/Tunis,Msaken,TN,89745,5,126.8,0,0
Africa/Tunis,Houmt Souk,TN,89228,11,333.2,0,0
Africa/Tunis,Ben Arous,TN,88322,1,8.7,0,0
Africa/Tunis,Le Kram,TN,88302,1,13.5,0,0
Africa/Tunis,Ben Gardane,TN,87404,15,420.4,0,0
Africa/Tunis,Kasserine,TN,84365,10,219.1,0,0
Africa/Tunis,Ettadhamen,TN,84312,1,5.2,0,0
Africa/Tunis,Douar Hicher,TN,82532,1,6.8,0,0
Africa/Tunis,Zarzis,TN,79316,14,378.5,0,0
Africa/Tunis,Feriana,TN,75000,12,253.2,0,0
Africa/Tunis,Radès,TN,72209,1,11.1,0,0
Africa/Tunis,Le Bardo,TN,71961,1,2.9,0,0
Africa/Tunis,Medenine,TN,71406,12,386.4,0,0
Africa/Tunis,Nabeul,TN,70437,4,65.1,0,0
Africa/Tunis,Tataouine,TN,66924,12,433.3,0,0
Africa/Tunis,La Mohammedia,TN,66593,1,16.1,0,0
Africa/Tunis,Oued Lill,TN,66100,1,11.3,0,0
Africa/Tunis,Korba,TN,65542,4,67.3,0,0
Africa/Tunis,Skanes,TN,64222,6,129.1,0,0
Africa/Tunis,El Mgarsa,TN,63528,12,342.1,0,0
Africa/Tunis,Kelaa Kebira,TN,63264,4,110.3,0,0
Africa/Tunis,Kélibia,TN,62993,4,82.7,0,0
Africa/Tunis,Moknine,TN,62802,7,147.4,0,0
Africa/Tunis,Béja,TN,61568,5,88.3,0,0
Africa/Tunis,Douane,TN,60192,4,66.9,0,0
Africa/Tunis,Menzel Bourguiba,TN,58800,3,50.2,0,0
Africa/Tunis,Mnihla,TN,58641,1,5.8,0,0
Africa/Tunis,Ksar Hellal,TN,55415,6,145.6,0,0
Africa/Tunis,Djemmal,TN,55285,6,143.2,0,0
Africa/Tunis,El Kef,TN,53596,8,149.0,0,0
Africa/Tunis,Mahdia,TN,51803,8,166.8,0,0
Africa/Tunis,Jendouba,TN,51408,7,128.5,0,0
Africa/Tunis,Sidi Bouzid,TN,47595,8,207.3,0,0
Africa/Tunis,El Hamma,TN,47000,9,327.2,0,0
Africa/Tunis,La Goulette,TN,45711,1,12.5,0,0
Africa/Tunis,Fouchana,TN,45107,1,13.2,0,0
Africa/Tunis,Soliman,TN,45053,2,32.1,0,0
Africa/Tunis,Jedeïda,TN,45000,1,21.5,0,0
Africa/Tunis,Zouila,TN,44349,8,167.2,0,0
Africa/Tunis,Kalaa Srira,TN,44220,5,116.2,0,0
Africa/Tunis,Hammam-Lif,TN,44207,1,18.6,0,0
Africa/Tunis,El Ain,TN,43333,9,231.3,0,0
Africa/Tunis,Hammam Sousse,TN,42691,5,113.5,0,0
Africa/Tunis,Dar Chabanne,TN,42140,4,65.2,0,0
Africa/Tunis,Teboulba,TN,41731,7,149.5,0,0
Africa/Tunis,Gremda,TN,40862,8,231.0,0,0
Africa/Tunis,Boumhel El Bassatine,TN,40101,1,12.1,0,0
Africa/Tunis,Metlaoui,TN,39021,14,320.3,0,0
Africa/Tunis,Menzel Temime,TN,38908,4,73.3,0,0
Africa/Tunis,Ksour Essaf,TN,37683,8,172.7,0,0
Africa/Tunis,Tozeur,TN,37370,16,371.3,0,0
Africa/Tunis,Ez Zahra,TN,34962,1,15.1,0,0
Africa/Tunis,Douz,TN,34221,14,387.1,0,0
Africa/Tunis,El Ksar,TN,33729,12,295.9,0,0
Africa/Tunis,La Sebala du Mornag,TN,33421,1,19.2,0,0
Africa/Tunis,Sidi Abid,TN,33419,8,240.4,0,0
Africa/Tunis,Mateur,TN,32492,3,50.8,0,0
Africa/Tunis,Manouba,TN,32005,1,6.3,0,0
Africa/Tunis,Midoun,TN,32000,12,343.1,0,0
Africa/Tunis,Borj Cedria,TN,31858,2,23.9,0,0
Africa/Tunis,Rass el Djebel,TN,31574,2,44.3,0,0
Africa/Tunis,Siliana,TN,31251,5,108.2,0,0
Africa/Tunis,Dahmani,TN,30720,8,154.3,0,0
Africa/Tunis,Tebourba,TN,29948,2,29.1,0,0
Africa/Tunis,Rhennouch,TN,28051,8,320.2,0,0
Africa/Tunis,Grombalia,TN,27236,2,38.6,0,0
Africa/Tunis,Akouda,TN,27200,4,111.5,0,0
Africa/Tunis,Ar Rudayyif,TN,26976,15,326.2,0,0
Africa/Tunis,Den Den,TN,26787,1,5.1,0,0
Africa/Tunis,Kebili,TN,26310,13,363.0,0,0
Africa/Tunis,Dar el Haj Taïeb,TN,26304,8,232.2,0,0
Africa/Tunis,Mégrine,TN,25863,1,8.4,0,0
Africa/Tunis,El Fahs,TN,25100,2,54.6,0,0
Africa/Tunis,Ajim,TN,24294,12,348.0,0,0
Africa/Tunis,Carthage,TN,24216,1,15.5,0,0
Africa/Tunis,Takelsa,TN,24109,2,41.8,0,0
Africa/Tunis,Medjez el Bab,TN,24100,3,52.8,0,0
Africa/Tunis,Sbeitla,TN,23764,9,199.9,0,0
Africa/Tunis,Ouerdanine,TN,23707,5,133.6,0,0
Africa/Tunis,La Mornaghia,TN,23100,1,14.8,0,0
Africa/Tunis,Nefta,TN,22745,17,387.7,0,0
Africa/Tunis,Menzel Jemil,TN,22231,3,51.5,0,0
Africa/Tunis,Chebba,TN,22227,9,195.5,0,0
Africa/Tunis,Beni Khiar,TN,21624,4,67.4,0,0
Africa/Tunis,El Jem,TN,21544,7,176.0,0,0
Africa/Tunis,Sahline,TN,21533,5,128.3,0,0
Africa/Tunis,Moularès,TN,21431,14,310.6,0,0
Africa/Tunis,Tinja,TN,21167,3,52.2,0,0
Africa/Tunis,Tabursuq,TN,21022,5,91.3,0,0
Africa/Tunis,Zaouiet Sousse,TN,20992,5,122.1,0,0
Africa/Tunis,Zaghouan,TN,20798,1,46.3,0,0
Africa/Tunis,Métouia,TN,20648,8,318.4,0,0
Africa/Tunis,Bekalta,TN,20506,7,152.9,0,0
Africa/Tunis,Tabarka,TN,19770,6,126.1,0,0
Africa/Tunis,Ghardimaou,TN,19574,8,159.3,0,0
Africa/Tunis,Tajerouine,TN,19362,9,177.5,0,0
Africa/Tunis,Menzel Abderhaman,TN,19078,3,53.7,0,0
Africa/Tunis,Maatmeur,TN,18996,5,127.7,0,0
Africa/Tunis,Mennzel Bou Zelfa,TN,18551,2,40.2,0,0
Africa/Tunis,Douar Tindja,TN,18551,3,53.5,0,0
Africa/Tunis,El Alia,TN,18410,2,40.6,0,0
Africa/Tunis,Ouardenine,TN,18287,5,131.5,0,0
Africa/Tunis,Thala,TN,18230,9,192.9,0,0
Africa/Tunis,Galaat el Andeless,TN,18225,1,27.5,0,0
Africa/Tunis,Mareth,TN,17385,10,356.1,0,0
Africa/Tunis,Ezzouhour,TN,17348,5,120.3,0,0
Africa/Tunis,Chenini Nahal,TN,17248,8,327.8,0,0
Africa/Tunis,Teboulbou,TN,16931,9,330.7,0,0
Africa/Tunis,Zeramedine,TN,16806,6,147.4,0,0
Africa/Tunis,Bembla et Mnara,TN,16078,6,136.7,0,0
Africa/Tunis,Mahires,TN,15878,8,256.6,0,0
Africa/Tunis,Kellabine,TN,15501,11,253.0,0,0
Africa/Tunis,Beni Khalled,TN,15439,2,42.2,0,0
Europe/Istanbul,Istanbul,TR,15701602,0,0.0,0,0
Europe/Istanbul,Ankara,TR,3517182,19,352.0,0,0
Europe/Istanbul,Bursa,TR,3101833,3,91.5,0,0
Europe/Istanbul,İzmir,TR,2938292,16,328.1,0,0
Europe/Istanbul,Gaziantep,TR,2222415,46,850.2,0,0
Europe/Istanbul,Diyarbakır,TR,1833684,55,1025.9,0,0
Europe/Istanbul,Adana,TR,1816750,38,709.7,0,0
Europe/Istanbul,Kayseri,TR,1452458,33,612.5,0,0
Europe/Istanbul,Konya,TR,1433861,24,462.8,0,0
Europe/Istanbul,Antalya,TR,1335002,20,480.8,0,0
Europe/Istanbul,Esenyurt,TR,983571,2,22.9,0,0
Europe/Istanbul,Eskişehir,TR,921630,10,191.4,0,0
Europe/Istanbul,Çankaya,TR,792189,19,352.7,0,0
Europe/Istanbul,Küçükçekmece,TR,792030,1,15.2,0,0
Europe/Istanbul,Erzurum,TR,767848,53,1049.2,0,0
Europe/Istanbul,Malatya,TR,750491,46,854.0,0,0
Europe/Istanbul,Bağcılar,TR,740069,1,8.3,0,0
Europe/Istanbul,Bahçelievler,TR,576799,1,7.6,0,0
Europe/Istanbul,Umraniye,TR,573265,1,14.7,0,0
Europe/Istanbul,Mersin,TR,537842,36,678.4,0,0
Europe/Istanbul,Nilüfer,TR,536365,3,89.0,0,0
Europe/Istanbul,Van,TR,525016,66,1263.7,0,0
Europe/Istanbul,Üsküdar,TR,524452,1,5.5,0,0
Europe/Istanbul,Esenler,TR,520235,1,7.0,0,0
Europe/Istanbul,Sancaktepe,TR,489848,2,23.7,0,0
Europe/Istanbul,Karabağlar,TR,479338,16,331.4,0,0
Europe/Istanbul,Bornova,TR,452479,15,317.5,0,0
Europe/Istanbul,Batman,TR,452157,59,1101.1,0,0
Europe/Istanbul,Muratpaşa,TR,450000,20,484.5,0,0
Europe/Istanbul,Şanlıurfa,TR,449549,51,950.4,0,0
Europe/Istanbul,Elazığ,TR,443363,49,914.2,0,0
Europe/Istanbul,Sultangazi,TR,436935,1,12.4,0,0
Europe/Istanbul,Maltepe,TR,427040,1,19.3,0,0
Europe/Istanbul,Beylikdüzü,TR,415290,2,26.2,0,0
Europe/Istanbul,Antakya,TR,399045,44,822.8,0,0
Europe/Istanbul,Samsun,TR,394050,31,619.0,0,0
Europe/Istanbul,Kahramanmaraş,TR,384953,43,784.7,0,0
Europe/Istanbul,Uşak,TR,369433,9,263.1,0,0
Europe/Istanbul,Alanya,TR,364180,26,562.9,0,0
Europe/Istanbul,Ataşehir,TR,361615,1,14.4,0,0
Europe/Istanbul,Sultanbeyli,TR,358201,2,27.6,0,0
Europe/Istanbul,Fatih,TR,356025,1,1.2,0,0
Europe/Istanbul,Tarsus,TR,350732,37,686.3,0,0
Europe/Istanbul,Karşıyaka,TR,339624,16,324.7,0,0
Europe/Istanbul,Konak,TR,332277,16,330.9,0,0
Europe/Istanbul,Aksaray,TR,327575,29,524.1,0,0
Europe/Istanbul,Şişli,TR,314684,1,6.1,0,0
Europe/Istanbul,Denizli,TR,313238,11,360.4,0,0
Europe/Istanbul,Batikent,TR,300000,19,340.2,0,0
Europe/Istanbul,Adıyaman,TR,290883,48,878.6,0,0
Europe/Istanbul,Adapazarı,TR,286787,7,124.9,0,0
Europe/Istanbul,Gebze,TR,281436,3,46.7,0,0
Europe/Istanbul,Zeytinburnu,TR,280896,1,4.4,0,0
Europe/Istanbul,Merkezefendi,TR,280341,11,356.8,0,0
Europe/Istanbul,Çorum,TR,269595,26,508.0,0,0
Europe/Istanbul,Sivas,TR,264022,36,697.3,0,0
Europe/Istanbul,Afyonkarahisar,TR,251799,14,285.4,0,0
Europe/Istanbul,İskenderun,TR,251682,43,795.9,0,0
Europe/Istanbul,Trabzon,TR,244083,44,903.7,0,0
Europe/Istanbul,Manisa,TR,243971,14,297.1,0,0
Europe/Istanbul,Balıkesir,TR,238151,9,176.5,0,0
Europe/Istanbul,Ordu,TR,229214,36,750.0,0,0
Europe/Istanbul,Çiğli,TR,214065,16,322.7,0,0
Europe/Istanbul,Osmaniye,TR,202837,42,767.1,0,0
Europe/Istanbul,Çorlu,TR,202578,6,97.6,0,0
Europe/Istanbul,Arnavutköy,TR,198165,2,25.8,0,0
Europe/Istanbul,İzmit,TR,196571,5,86.9,0,0
Europe/Istanbul,Düzce,TR,194097,10,187.0,0,0
Europe/Istanbul,Başakşehir,TR,193750,1,16.8,0,0
Europe/Istanbul,Kırıkkale,TR,186960,22,406.9,0,0
Europe/Istanbul,Kütahya,TR,185008,9,197.3,0,0
Europe/Istanbul,Bolu,TR,184682,12,225.5,0,0
Europe/Istanbul,Edirne,TR,180002,12,213.0,0,0
Europe/Istanbul,Karaman,TR,175390,29,563.0,0,0
Europe/Istanbul,Siverek,TR,175341,52,961.1,0,0
Europe/Istanbul,Isparta,TR,172334,17,386.7,0,0
Europe/Istanbul,Gölbaşı,TR,165201,19,353.9,0,0
Europe/Istanbul,Büyükçekmece,TR,163140,2,30.6,0,0
Europe/Istanbul,Aydın,TR,163022,15,365.0,0,0
Europe/Istanbul,Ereğli,TR,156253,31,586.4,0,0
Europe/Istanbul,Viranşehir,TR,154163,55,1022.1,0,0
Europe/Istanbul,Erzincan,TR,150714,46,903.5,0,0
Europe/Istanbul,Kırşehir,TR,150700,27,489.7,0,0
Europe/Istanbul,Kızıltepe,TR,150174,59,1088.7,0,0
Europe/Istanbul,Çanakkale,TR,143622,13,234.5,0,0
Europe/Istanbul,Cizre,TR,134041,65,1210.7,0,0
Europe/Istanbul,İnegol,TR,133959,5,114.4,0,0
Europe/Istanbul,Silifke,TR,132665,34,672.7,0,0
Europe/Istanbul,Mardin,TR,129864,59,1095.8,0,0
Europe/Istanbul,Tokat,TR,129702,33,645.9,0,0
Europe/Istanbul,Bingöl,TR,128935,53,1011.3,0,0
Europe/Istanbul,Giresun,TR,125682,38,792.1,0,0
Europe/Istanbul,Kastamonu,TR,125622,21,405.7,0,0
Europe/Istanbul,Derince,TR,125485,5,78.1,0,0
Europe/Istanbul,Karabük,TR,125403,16,308.9,0,0
Europe/Istanbul,Ağrı,TR,124483,61,1201.2,0,0
Europe/Istanbul,Samandağ,TR,123447,43,820.7,0,0
Europe/Istanbul,Tekirdağ,TR,122287,6,120.8,0,0
Europe/Istanbul,Rize,TR,119828,47,970.2,0,0
Europe/Istanbul,Nazilli,TR,119370,13,348.6,0,0
Europe/Istanbul,Salihli,TR,119311,12,289.7,0,0
Europe/Istanbul,Amasya,TR,114921,29,580.3,0,0
Europe/Istanbul,Silopi,TR,114645,66,1237.1,0,0
Europe/Istanbul,Siirt,TR,114034,62,1165.4,0,0
Europe/Istanbul,Kilis,TR,111648,46,852.7,0,0
Europe/Istanbul,Turhal,TR,110884,31,605.0,0,0
Europe/Istanbul,Arsuz,TR,109550,42,789.7,0,0
Europe/Istanbul,Bandırma,TR,107631,7,110.2,0,0
Europe/Istanbul,Turgutlu,TR,103292,14,299.7,0,0
Europe/Istanbul,Zonguldak,TR,101749,13,242.7,0,0
Europe/Istanbul,Iğdır,TR,101700,64,1281.1,0,0
Europe/Istanbul,Mustafakemalpaşa,TR,101412,6,117.7,0,0
Europe/Istanbul,Suruç,TR,101178,51,933.1,0,0
Europe/Istanbul,Manavgat,TR,99254,23,517.1,0,0
Europe/Istanbul,Soma,TR,98714,12,233.1,0,0
Europe/Istanbul,Kâhta,TR,97875,49,904.8,0,0
Europe/Istanbul,Ceyhan,TR,96303,40,740.4,0,0
Europe/Istanbul,Burdur,TR,95436,16,383.9,0,0
Europe/Istanbul,Polatlı,TR,93262,17,314.3,0,0
Europe/Istanbul,Bafra,TR,92944,30,584.0,0,0
Europe/Istanbul,Muğla,TR,92328,15,425.1,0,0
Europe/Istanbul,Erciş,TR,91915,64,1245.3,0,0
Europe/Istanbul,Kars,TR,91450,58,1189.4,0,0
Europe/Istanbul,Niğde,TR,91039,33,597.0,0,0
Europe/Istanbul,Lüleburgaz,TR,90899,8,140.0,0,0
Europe/Istanbul,Körfez,TR,90580,4,75.2,0,0
Europe/Istanbul,Çankırı,TR,90564,20,395.3,0,0
Europe/Istanbul,Nusaybin,TR,88977,61,1145.1,0,0
Europe/Istanbul,Ereğli,TR,88848,11,208.8,0,0
Europe/Istanbul,Kozan,TR,88115,39,711.2,0,0
Europe/Istanbul,Yozgat,TR,87881,27,513.0,0,0
Europe/Istanbul,Patnos,TR,87451,61,1197.8,0,0
Europe/Istanbul,Akhisar,TR,84659,12,251.4,0,0
Europe/Istanbul,Akçapınar,TR,84366,47,881.3,0,0
Europe/Istanbul,Çerkezköy,TR,84234,5,85.1,0,0
Europe/Istanbul,Muş,TR,82536,57,1098.4,0,0
Europe/Istanbul,Nizip,TR,82308,48,883.8,0,0
Europe/Istanbul,Fatsa,TR,82160,35,717.0,0,0
Europe/Istanbul,Bartın,TR,81692,16,291.2,0,0
Europe/Istanbul,Elbistan,TR,80456,42,772.1,0,0
Europe/Istanbul,Hakkâri,TR,77699,70,1327.1,0,0
Europe/Istanbul,Ünye,TR,77585,34,698.9,0,0
Europe/Istanbul,Midyat,TR,76268,61,1138.5,0,0
Europe/Istanbul,Nevşehir,TR,75527,31,559.1,0,0
Europe/Istanbul,Bismil,TR,74493,57,1064.6,0,0
Europe/Istanbul,Bilecik,TR,74457,7,130.2,0,0
Europe/Istanbul,Belek,TR,73260,21,496.4,0,0
Europe/Istanbul,Tatvan,TR,73222,61,1172.5,0,0
Europe/Istanbul,Yüksekova,TR,71729,72,1372.1,0,0
Europe/Istanbul,Yalova,TR,71289,3,48.5,0,0
Europe/Istanbul,Gemlik,TR,71063,3,67.2,0,0
Europe/Istanbul,Kadirli,TR,70248,40,736.6,0,0
Europe/Istanbul,Doğubayazıt,TR,70171,65,1292.5,0,0
Europe/Istanbul,Ayvalık,TR,70002,15,268.8,0,0
Europe/Istanbul,Söke,TR,68230,17,386.6,0,0
Europe/Istanbul,Ardeşen,TR,67965,49,1007.4,0,0
Europe/Istanbul,Şırnak,TR,67662,65,1224.5,0,0
Europe/Istanbul,Ödemiş,TR,67153,13,321.0,0,0
Europe/Istanbul,Silvan,TR,65956,57,1080.8,0,0
Europe/Istanbul,Ahlat,TR,64695,61,1180.4,0,0
Europe/Istanbul,Akşehir,TR,64446,18,363.0,0,0
Europe/Istanbul,Kuşadası,TR,63177,17,379.6,0,0
Europe/Istanbul,Urla,TR,62989,18,352.9,0,0
Europe/Istanbul,Sorgun,TR,62862,29,544.6,0,0
Europe/Istanbul,Çubuk,TR,62602,19,355.1,0,0
Europe/Istanbul,Biga,TR,61066,10,168.5,0,0
Europe/Istanbul,Kırıkhan,TR,60916,44,814.7,0,0
Europe/Istanbul,Fethiye,TR,60437,14,486.6,0,0
Europe/Istanbul,Kırklareli,TR,58223,10,164.7,0,0
Europe/Istanbul,Bergama,TR,57200,14,258.8,0,0
Europe/Istanbul,Anamur,TR,57128,31,644.7,0,0
Europe/Istanbul,Reyhanlı,TR,56995,45,845.7,0,0
Europe/Istanbul,Dörtyol,TR,56513,42,781.9,0,0
Europe/Istanbul,Gölcük,TR,56189,5,80.2,0,0
Europe/Istanbul,Bolvadin,TR,55870,16,312.5,0,0
Europe/Istanbul,Zile,TR,55680,30,590.3,0,0
Europe/Istanbul,Eminönü,TR,55548,1,1.8,0,0
Europe/Istanbul,Bozüyük,TR,55365,8,153.6,0,0
Europe/Istanbul,Menemen,TR,53489,16,312.0,0,0
Europe/Istanbul,Silivri,TR,53167,3,59.4,0,0
Europe/Istanbul,Bitlis,TR,53023,61,1161.2,0,0
Europe/Istanbul,Adilcevaz,TR,52781,62,1199.7,0,0
Europe/Istanbul,Ergani,TR,52684,52,973.4,0,0
Europe/Istanbul,Erbaa,TR,52185,32,641.8,0,0
Europe/Istanbul,Tavşanlı,TR,52182,7,170.1,0,0
Europe/Istanbul,Orhangazi,TR,51792,3,65.7,0,0
Europe/Istanbul,Seydişehir,TR,51089,23,471.1,0,0
Europe/Istanbul,Merzifon,TR,50658,27,547.2,0,0
Europe/Istanbul,Kavaklı,TR,50502,3,52.6,0,0
Europe/Istanbul,Çarşamba,TR,50459,32,651.3,0,0
Europe/Istanbul,Torbalı,TR,50303,16,343.9,0,0
Europe/Istanbul,Merter Keresteciler,TR,50000,1,5.3,0,0
Europe/Istanbul,Güngören Merter,TR,50000,1,5.2,0,0
Europe/Istanbul,Niksar,TR,49865,33,674.9,0,0
Europe/Istanbul,Keskin,TR,49679,23,422.4,0,0
Europe/Istanbul,Karapınar,TR,49509,29,539.2,0,0
Europe/Istanbul,Mut,TR,49397,32,622.2,0,0
Europe/Istanbul,Alaşehir,TR,48147,11,298.4,0,0
Europe/Istanbul,Bayburt,TR,48036,48,954.3,0,0
Europe/Istanbul,Suluova,TR,47572,28,563.0,0,0
Europe/Istanbul,Şebin Karahisar,TR,47360,40,802.9,0,0
Europe/Istanbul,Tire,TR,47220,15,341.5,0,0
Europe/Istanbul,Kulu,TR,47037,23,411.1,0,0
Europe/Istanbul,Erdemli,TR,46570,35,674.9,0,0
Europe/Istanbul,Çumra,TR,45657,26,504.6,0,0
Europe/Istanbul,Kireçocağı,TR,45476,38,698.8,0,0
Europe/Istanbul,Akçaabat,TR,45105,43,890.6,0,0
Europe/Istanbul,Aliağa,TR,44883,16,298.4,0,0
Europe/Istanbul,Keşan,TR,44644,10,195.4,0,0
Europe/Istanbul,Beyşehir,TR,44460,22,441.1,0,0
Europe/Istanbul,Birecik,TR,44284,49,896.6,0,0
Europe/Istanbul,Karacabey,TR,44256,5,101.9,0,0
Europe/Istanbul,Şereflikoçhisar,TR,44101,25,453.9,0,0
Europe/Istanbul,Bulancak,TR,43635,38,778.9,0,0
Europe/Istanbul,Milas,TR,43193,17,423.2,0,0
Europe/Istanbul,Sandıklı,TR,42981,13,305.1,0,0
Europe/Istanbul,Besni,TR,41892,46,850.0,0,0
Europe/Istanbul,Edremit,TR,40777,13,226.9,0,0
Europe/Istanbul,Gönen,TR,40763,9,149.0,0,0
Europe/Istanbul,Çatalca,TR,39678,3,43.4,0,0
Europe/Istanbul,Afşin,TR,39613,41,747.8,0,0
Europe/Istanbul,Cimin,TR,39591,47,921.7,0,0
Europe/Istanbul,Karasu Mahallesi,TR,39508,8,154.1,0,0
Europe/Istanbul,Bodrum,TR,39317,19,461.1,0,0
Europe/Istanbul,Gümüşhane,TR,39214,44,888.1,0,0
Europe/Istanbul,Yalvaç,TR,39145,18,357.4,0,0
Europe/Istanbul,Beypazarı,TR,38769,15,268.0,0,0
Europe/Istanbul,Burhaniye,TR,38083,13,237.6,0,0
Europe/Istanbul,Vakfıkebir,TR,37728,42,865.7,0,0
Europe/Istanbul,Sungurlu,TR,37526,24,467.5,0,0
Europe/Istanbul,Beşikdüzü,TR,36987,42,862.1,0,0
Europe/Istanbul,Serik,TR,36925,21,492.1,0,0
Europe/Istanbul,Talas,TR,36890,34,619.9,0,0
Europe/Istanbul,Uzunköprü,TR,36470,10,191.7,0,0
Europe/Istanbul,Osmancık,TR,36443,24,491.3,0,0
Europe/Istanbul,Kestel,TR,36185,4,93.4,0,0
Europe/Istanbul,Görükle,TR,35882,3,87.5,0,0
Europe/Istanbul,Develi,TR,35868,35,630.9,0,0
Europe/Istanbul,Hınıs,TR,35472,56,1097.0,0,0
Europe/Istanbul,Dinar,TR,35359,14,344.1,0,0
Europe/Istanbul,Yerköy,TR,35294,27,492.0,0,0
Europe/Istanbul,Hendek,TR,35257,8,153.0,0,0
Europe/Istanbul,Safranbolu,TR,35242,16,314.7,0,0
Europe/Istanbul,Tunceli,TR,35161,49,925.8,0,0
Europe/Istanbul,Akçakoca,TR,35151,9,182.5,0,0
Europe/Istanbul,Simav,TR,34909,7,214.1,0,0
Europe/Istanbul,Sinop,TR,34834,29,529.2,0,0
Europe/Istanbul,Göksun,TR,34243,40,727.6,0,0
Europe/Istanbul,Çay,TR,34215,16,322.6,0,0
Europe/Istanbul,Marmaris,TR,33731,16,466.1,0,0
Europe/Istanbul,Çeşme,TR,33259,20,374.8,0,0
Europe/Istanbul,Şarkîkaraağaç,TR,32771,19,386.5,0,0
Europe/Istanbul,Bor,TR,32435,32,593.6,0,0
Europe/Istanbul,Kumru,TR,32174,34,698.2,0,0
Europe/Istanbul,Etlik,TR,32156,19,347.1,0,0
Europe/Istanbul,Kurtalan,TR,32114,61,1144.6,0,0
Europe/Istanbul,Akçakale,TR,32114,53,988.2,0,0
Europe/Istanbul,Yeşilli,TR,32072,59,1100.5,0,0
Europe/Istanbul,Of,TR,31951,46,948.8,0,0
Europe/Istanbul,İmamoğlu,TR,31916,39,712.7,0,0
Europe/Istanbul,Ceylanpınar,TR,31488,57,1065.0,0,0
Europe/Istanbul,Bulanık,TR,31430,59,1152.8,0,0
Europe/Istanbul,Ortaköy,TR,31144,28,502.5,0,0
Europe/Istanbul,Kula,TR,31100,10,275.5,0,0
Europe/Istanbul,Mimarsinan,TR,31002,2,32.6,0,0
Europe/Istanbul,Karasu,TR,30746,8,146.8,0,0
Europe/Istanbul,Karamürsel,TR,30525,4,66.6,0,0
Europe/Istanbul,İncirli,TR,30440,19,348.5,0,0
Europe/Istanbul,Kemalpaşa,TR,30411,15,316.2,0,0
Europe/Istanbul,Görele,TR,30381,41,842.9,0,0
Europe/Istanbul,Beykonak,TR,30339,20,534.4,0,0
Europe/Istanbul,Araklı,TR,29917,45,932.0,0,0
Europe/Istanbul,Bostanlı,TR,29842,16,325.2,0,0
Europe/Istanbul,Karakoçan,TR,29735,51,970.5,0,0
Europe/Istanbul,Kozluk,TR,29502,59,1117.1,0,0
Europe/Istanbul,Gürpınar,TR,29411,2,29.2,0,0
Europe/Istanbul,Şemikler,TR,29321,16,323.7,0,0
Europe/Istanbul,Bucak,TR,29234,18,419.9,0,0
Europe/Istanbul,Selçuk,TR,29101,17,366.6,0,0
Europe/Istanbul,Oba,TR,28864,26,564.7,0,0
Europe/Istanbul,Ataşehir,TR,28864,16,323.9,0,0
Europe/Istanbul,Yakuplu,TR,28811,2,23.1,0,0
Europe/Istanbul,Yenişehir,TR,28656,5,102.3,0,0
Europe/Istanbul,Kaman,TR,28605,24,445.3,0,0
Europe/Istanbul,Foça,TR,28594,17,320.9,0,0
Europe/Istanbul,Gerede,TR,28582,14,273.9,0,0
Europe/Istanbul,Bozyazı,TR,28456,31,647.3,0,0
Europe/Istanbul,Terme,TR,28397,33,672.4,0,0
Europe/Istanbul,Gölbaşı,TR,28078,45,827.8,0,0
Europe/Istanbul,Boyabat,TR,27717,25,488.9,0,0
Europe/Istanbul,Malkara,TR,27427,9,172.5,0,0
Europe/Istanbul,Ilgın,TR,27423,21,396.0,0,0
Europe/Istanbul,Hıdırbey,TR,27057,44,820.8,0,0
Europe/Istanbul,Alaca,TR,27019,26,506.3,0,0
Europe/Istanbul,Babaeski,TR,26724,9,161.7,0,0
Europe/Istanbul,Akyurt,TR,26572,19,362.7,0,0
Europe/Istanbul,Kulp,TR,26569,56,1067.0,0,0
Europe/Istanbul,Erzin,TR,26316,42,771.8,0,0
Europe/Istanbul,Çan,TR,26201,11,193.9,0,0
Europe/Istanbul,Altınşehir,TR,26153,47,876.1,0,0
Europe/Istanbul,Malazgirt,TR,26108,60,1173.1,0,0
Europe/Istanbul,Didim,TR,26000,19,429.1,0,0
Europe/Istanbul,Artvin,TR,25841,52,1077.8,0,0
Europe/Istanbul,Güroymak,TR,25826,60,1147.5,0,0
Europe/Istanbul,Suşehri,TR,25820,39,776.8,0,0
Europe/Istanbul,Elmadağ,TR,25394,21,382.0,0,0
Europe/Istanbul,Sapanca,TR,25224,6,116.5,0,0
Europe/Istanbul,Gelibolu,TR,25178,12,203.5,0,0
Europe/Istanbul,Kağızman,TR,25157,60,1200.3,0,0
Europe/Istanbul,Vezirköprü,TR,25155,27,545.3,0,0
Europe/Istanbul,Akyazı,TR,25068,8,145.4,0,0
Europe/Istanbul,Yahyalı,TR,25019,35,637.4,0,0
Europe/Istanbul,Susurluk,TR,24816,7,139.5,0,0
Europe/Istanbul,Devrek,TR,24559,13,252.9,0,0
Europe/Istanbul,Çayeli,TR,24556,48,986.5,0,0
Europe/Istanbul,Pasinler,TR,24553,54,1080.8,0,0
Europe/Istanbul,Gürsu,TR,24510,4,90.8,0,0
Europe/Istanbul,Mahmutlar,TR,24227,27,571.5,0,0
Europe/Istanbul,Tosya,TR,24013,21,427.0,0,0
Europe/Istanbul,Kazan,TR,23889,18,326.9,0,0
Europe/Istanbul,Kelkit,TR,23870,45,890.5,0,0
Europe/Istanbul,Pazarcık,TR,23850,45,818.5,0,0
Europe/Istanbul,Emet,TR,23812,7,187.6,0,0
Europe/Istanbul,Şarkışla,TR,23800,35,659.9,0,0
Europe/Istanbul,Ferizli,TR,23740,7,129.2,0,0
Europe/Istanbul,Sarıkamış,TR,23665,57,1151.5,0,0
Europe/Istanbul,Oltu,TR,23504,54,1098.1,0,0
Europe/Istanbul,Mudanya,TR,23161,3,71.2,0,0
Europe/Istanbul,Yakınca,TR,23063,46,849.7,0,0
Europe/Istanbul,Akdağmadeni,TR,23048,32,606.5,0,0
Europe/Istanbul,Kovancılar,TR,22976,51,965.0,0,0
Europe/Istanbul,İdil,TR,22960,63,1186.7,0,0
Europe/Istanbul,Ardahan,TR,22927,56,1151.9,0,0
Europe/Istanbul,Erdek,TR,22678,7,119.0,0,0
Europe/Istanbul,Zekeriya,TR,22558,1,21.6,0,0
Europe/Istanbul,Genç,TR,22493,54,1020.8,0,0
Europe/Istanbul,İznik,TR,22230,5,92.0,0,0
Europe/Istanbul,Gediz,TR,22058,8,227.7,0,0
Europe/Istanbul,Menderes,TR,21965,17,344.4,0,0
Europe/Istanbul,Kırkağaç,TR,21789,12,238.4,0,0
Europe/Istanbul,Küçükçiğli,TR,21784,16,322.9,0,0
Europe/Istanbul,Çaycuma,TR,21773,14,265.4,0,0
Europe/Istanbul,Tepecik,TR,21699,2,33.6,0,0
Europe/Istanbul,Bozova,TR,21502,50,919.1,0,0
Europe/Istanbul,Havza,TR,21500,27,563.3,0,0
Europe/Istanbul,Cikcilli,TR,21449,26,563.1,0,0
Europe/Istanbul,Demirci,TR,21378,8,220.2,0,0
Europe/Istanbul,Çine,TR,21327,15,385.9,0,0
Europe/Istanbul,Hacılar,TR,21167,34,614.1,0,0
Europe/Istanbul,Çermik,TR,20975,51,954.0,0,0
Europe/Istanbul,Alaplı,TR,20890,11,204.9,0,0
Europe/Istanbul,Dargeçit,TR,20793,62,1163.2,0,0
Europe/Istanbul,Çubuklu,TR,20698,1,15.1,0,0
Europe/Istanbul,Evka-Üç,TR,20600,15,317.9,0,0
Europe/Istanbul,Karaçoban,TR,20467,58,1131.3,0,0
Europe/Istanbul,Korkuteli,TR,20465,17,452.1,0,0
Europe/Istanbul,Darende,TR,20388,42,780.5,0,0
Europe/Istanbul,Kaynaşlı,TR,20379,11,201.3,0,0
Europe/Istanbul,Geyve,TR,20199,7,126.3,0,0
Europe/Istanbul,Belen,TR,20113,43,804.4,0,0
Europe/Istanbul,Hadim,TR,20110,27,540.5,0,0
Europe/Istanbul,Emirdağ,TR,20063,15,290.3,0,0
Europe/Istanbul,Sürmene,TR,20039,45,938.1,0,0
Europe/Istanbul,İskilip,TR,19829,23,465.4,0,0
Europe/Istanbul,Hayrabolu,TR,19793,8,156.0,0,0
Europe/Istanbul,Şile,TR,19778,4,58.4,0,0
Europe/Istanbul,Yomra,TR,19770,44,914.9,0,0
Europe/Istanbul,Ortaca,TR,19741,14,464.5,0,0
Europe/Istanbul,Seferihisar,TR,19596,18,361.6,0,0
Europe/Istanbul,Dalaman,TR,19292,14,472.5,0,0
Europe/Istanbul,Taşova,TR,19253,31,620.2,0,0
Europe/Istanbul,Nallıhan,TR,19106,12,222.7,0,0
Europe/Istanbul,Balatçık,TR,19082,16,321.8,0,0
Europe/Istanbul,Yatağan,TR,19020,15,414.4,0,0
Europe/Istanbul,Şemdinli,TR,18978,74,1406.6,0,0
Europe/Istanbul,Sarayköy,TR,18937,10,343.5,0,0
Europe/Istanbul,Gürgentepe,TR,18771,36,727.2,0,0
Europe/Istanbul,Varto,TR,18691,56,1082.2,0,0
Europe/Istanbul,İncirliova,TR,18572,15,367.0,0,0
Europe/Istanbul,Narlıca,TR,18445,44,824.5,0,0
Europe/Istanbul,Gazipaşa,TR,18371,28,603.1,0,0
Europe/Istanbul,Diyadin,TR,18172,64,1258.1,0,0
Europe/Istanbul,Kızılcahamam,TR,17975,17,317.6,0,0
Europe/Istanbul,Konaklı,TR,17966,26,553.9,0,0
Europe/Istanbul,Tarabya,TR,17852,1,15.6,0,0
Europe/Istanbul,Çerkeş,TR,17802,17,332.1,0,0
Europe/Istanbul,Yumurtalık,TR,17654,41,756.7,0,0
Europe/Istanbul,Dursunbey,TR,17532,6,161.1,0,0
Europe/Istanbul,Hopa,TR,17519,51,1043.2,0,0
Europe/Istanbul,Bağlar Mahallesi,TR,17505,64,1280.6,0,0
Europe/Istanbul,Denizciler,TR,17495,43,794.8,0,0
Europe/Istanbul,Taşköprü,TR,17491,23,443.4,0,0
Europe/Istanbul,Kemer,TR,17300,20,510.5,0,0
Europe/Istanbul,Tekkeköy,TR,17226,31,629.4,0,0
Europe/Istanbul,Serinhisar,TR,17169,12,382.7,0,0
Europe/Istanbul,Tirebolu,TR,17124,40,827.2,0,0
Europe/Istanbul,Banaz,TR,17080,10,262.3,0,0
Europe/Istanbul,Horasan,TR,17067,56,1121.0,0,0
Europe/Istanbul,Hilvan,TR,16990,51,940.7,0,0
Europe/Istanbul,Ermenek,TR,16986,29,594.1,0,0
Europe/Istanbul,Gemerek,TR,16916,34,638.8,0,0
Europe/Istanbul,Eğirdir,TR,16891,18,385.3,0,0
Europe/Istanbul,Bayındır,TR,16850,15,330.3,0,0
Europe/Istanbul,Serinyol,TR,16753,43,815.0,0,0
Europe/Istanbul,Korgan,TR,16733,34,705.6,0,0
Europe/Istanbul,Ürgüp,TR,16642,31,573.9,0,0
Europe/Istanbul,Elmalı,TR,16587,17,483.0,0,0
Europe/Istanbul,Mucur,TR,16522,28,510.8,0,0
Europe/Istanbul,Turgutreis,TR,16490,20,467.6,0,0
Europe/Istanbul,Lice,TR,16336,55,1038.2,0,0
Europe/Istanbul,Kandıra,TR,16264,5,101.1,0,0
Europe/Istanbul,Arhavi,TR,16217,51,1033.8,0,0
Europe/Istanbul,Arsin,TR,16148,44,920.8,0,0
Europe/Istanbul,Sarigerme,TR,16000,15,478.4,0,0
Europe/Istanbul,Baskil,TR,15922,47,885.2,0,0
Europe/Istanbul,Senirkent,TR,15919,16,351.3,0,0
Europe/Istanbul,İstinye,TR,15721,1,13.7,0,0
Europe/Istanbul,Osmaneli,TR,15708,6,115.7,0,0
Europe/Istanbul,Ezine,TR,15677,15,259.7,0,0
Europe/Istanbul,Çat,TR,15556,53,1030.2,0,0
Europe/Istanbul,Çağlayancerit,TR,15530,44,802.9,0,0
Europe/Istanbul,Aşkale,TR,15462,51,1000.2,0,0
Europe/Istanbul,Kestel,TR,15445,27,569.8,0,0
Europe/Istanbul,Solhan,TR,15303,55,1055.2,0,0
Europe/Istanbul,Hizan,TR,15302,63,1193.2,0,0
Europe/Istanbul,Kadınhanı,TR,15301,22,416.1,0,0
Europe/Istanbul,Yeşilova,TR,15242,38,702.0,0,0
Europe/Istanbul,Bigadiç,TR,15242,9,193.2,0,0
Europe/Istanbul,Akhisar,TR,15198,5,108.7,0,0
Europe/Istanbul,Taşucu,TR,15184,34,674.7,0,0
Europe/Istanbul,Kocaali,TR,15076,8,159.7,0,0
Europe/Istanbul,Espiye,TR,15058,40,818.3,0,0
Africa/Dar_es_Salaam,Dar es Salaam,TZ,5383728,0,0.0,0,0
Africa/Dar_es_Salaam,Mwanza,TZ,1104521,34,852.9,0,0
Africa/Dar_es_Salaam,Dodoma,TZ,765179,16,396.7,0,0
Africa/Dar_es_Salaam,Zanzibar,TZ,709809,2,73.8,0,0
Africa/Dar_es_Salaam,Arusha,TZ,617631,17,479.3,0,0
Africa/Dar_es_Salaam,Mbeya,TZ,541603,27,681.3,0,0
Africa/Dar_es_Salaam,Morogoro,TZ,471409,7,177.6,0,0
Africa/Dar_es_Salaam,Kahama,TZ,453654,33,809.7,0,0
Africa/Dar_es_Salaam,Tanga,TZ,393429,4,196.0,0,0
Africa/Dar_es_Salaam,Geita,TZ,318006,36,894.8,0,0
Africa/Dar_es_Salaam,Tabora,TZ,308741,29,740.4,0,0
Africa/Dar_es_Salaam,Sumbawanga,TZ,303986,33,853.4,0,0
Africa/Dar_es_Salaam,Songea,TZ,286285,22,585.1,0,0
Africa/Dar_es_Salaam,Kibaha,TZ,265360,2,39.5,0,0
Africa/Dar_es_Salaam,Bariadi,TZ,260927,29,736.9,0,0
Africa/Dar_es_Salaam,Kasulu,TZ,238321,41,1044.5,0,0
Africa/Dar_es_Salaam,Singida,TZ,232459,22,548.1,0,0
Africa/Dar_es_Salaam,Kigoma,TZ,232388,43,1088.3,0,0
Africa/Dar_es_Salaam,Moshi,TZ,221733,15,441.8,0,0
Africa/Dar_es_Salaam,Tunduma,TZ,219309,31,767.0,0,0
Africa/Dar_es_Salaam,Ifakara,TZ,205843,13,320.2,0,0
Africa/Dar_es_Salaam,Mpanda,TZ,204338,34,907.3,0,0
Africa/Dar_es_Salaam,Iringa,TZ,202490,16,407.4,0,0
Africa/Dar_es_Salaam,Bunda,TZ,182970,31,801.9,0,0
Africa/Dar_es_Salaam,Musoma,TZ,164172,32,847.4,0,0
Africa/Dar_es_Salaam,Bukoba,TZ,144938,41,1027.9,0,0
Africa/Dar_es_Salaam,Mtwara,TZ,140793,11,395.8,0,0
Africa/Dar_es_Salaam,Shinyanga,TZ,139727,30,736.7,0,0
Africa/Dar_es_Salaam,Tarime,TZ,133043,30,816.0,0,0
Africa/Dar_es_Salaam,Nzega,TZ,125193,30,733.3,0,0
Africa/Dar_es_Salaam,Makumbako,TZ,116232,22,538.1,0,0
Africa/Dar_es_Salaam,Sengerema,TZ,110000,35,866.9,0,0
Africa/Dar_es_Salaam,Handeni,TZ,108968,8,207.6,0,0
Africa/Dar_es_Salaam,Katumba,TZ,108558,27,677.6,0,0
Africa/Dar_es_Salaam,Mafinga,TZ,99305,19,468.0,0,0
Africa/Dar_es_Salaam,Lindi,TZ,95096,9,356.3,0,0
Africa/Dar_es_Salaam,Ushirombo,TZ,95052,36,889.7,0,0
Africa/Dar_es_Salaam,Njombe,TZ,92537,23,569.2,0,0
Africa/Dar_es_Salaam,Kilosa,TZ,91889,10,252.4,0,0
Africa/Dar_es_Salaam,Masasi,TZ,89700,10,436.0,0,0
Africa/Dar_es_Salaam,Vwawa,TZ,85000,30,742.4,0,0
Africa/Dar_es_Salaam,Bagamoyo,TZ,82426,3,58.5,0,0
Africa/Dar_es_Salaam,Kondoa,TZ,80443,18,440.9,0,0
Africa/Dar_es_Salaam,Katoro,TZ,75000,37,917.2,0,0
Africa/Dar_es_Salaam,Vikindu,TZ,70000,1,20.6,0,0
Africa/Dar_es_Salaam,Babati,TZ,67445,19,485.5,0,0
Africa/Dar_es_Salaam,Korogwe,TZ,62032,7,205.4,0,0
Africa/Dar_es_Salaam,Mbinga,TZ,60868,25,653.5,0,0
Africa/Dar_es_Salaam,Uyovu,TZ,60849,38,943.6,0,0
Africa/Dar_es_Salaam,Buseresere,TZ,52870,37,919.3,0,0
Africa/Dar_es_Salaam,Chake Chake,TZ,52047,6,183.8,0,0
Africa/Dar_es_Salaam,Kibaigwa,TZ,50054,12,301.3,0,0
Africa/Dar_es_Salaam,Utengule,TZ,50000,28,693.4,0,0
Africa/Dar_es_Salaam,Tukuyu,TZ,50000,27,674.9,0,0
Africa/Dar_es_Salaam,Masumbwe,TZ,50000,35,861.0,0,0
Africa/Dar_es_Salaam,Merelani,TZ,50000,16,442.6,0,0
Africa/Dar_es_Salaam,Mbuguni,TZ,49801,16,444.0,0,0
Africa/Dar_es_Salaam,Tunduru,TZ,48000,16,516.8,0,0
Africa/Dar_es_Salaam,Kyela,TZ,47000,27,670.7,0,0
Africa/Dar_es_Salaam,Mbulu,TZ,45384,21,529.5,0,0
Africa/Dar_es_Salaam,Ikwiriri,TZ,45000,3,130.2,0,0
Africa/Dar_es_Salaam,Igunga,TZ,45000,27,659.6,0,0
Africa/Dar_es_Salaam,Diobahika,TZ,45000,38,941.2,0,0
Africa/Dar_es_Salaam,Mwandege,TZ,45000,1,17.1,0,0
Africa/Dar_es_Salaam,Nansio,TZ,44000,34,864.3,0,0
Africa/Dar_es_Salaam,Rujewa,TZ,42013,23,577.3,0,0
Africa/Dar_es_Salaam,Namanyere,TZ,40000,34,910.1,0,0
Africa/Dar_es_Salaam,Mlowo,TZ,40000,29,733.4,0,0
Africa/Dar_es_Salaam,Mapinga,TZ,40000,2,33.5,0,0
Africa/Dar_es_Salaam,Geiro,TZ,40000,11,275.8,0,0
Africa/Dar_es_Salaam,Dumila,TZ,40000,9,218.3,0,0
Africa/Dar_es_Salaam,Nguruka,TZ,39135,36,929.6,0,0
Africa/Dar_es_Salaam,Newala Kisimani,TZ,38099,9,458.9,0,0
Africa/Dar_es_Salaam,Kidatu,TZ,37542,11,273.0,0,0
Africa/Dar_es_Salaam,Boma la Ngombe,TZ,37538,15,453.5,0,0
Africa/Dar_es_Salaam,Kassambya,TZ,37028,42,1069.0,0,0
Africa/Dar_es_Salaam,Kidodi,TZ,35953,11,264.5,0,0
Africa/Dar_es_Salaam,Wete,TZ,35951,6,203.0,0,0
Africa/Dar_es_Salaam,Misungwi,TZ,35530,33,815.4,0,0
Africa/Dar_es_Salaam,Magu,TZ,35000,32,798.6,0,0
Africa/Dar_es_Salaam,Mlimba,TZ,34970,18,439.3,0,0
Africa/Dar_es_Salaam,Mafinga,TZ,34958,18,466.2,0,0
Africa/Dar_es_Salaam,Newala,TZ,34862,9,457.0,0,0
Africa/Dar_es_Salaam,Chalinze,TZ,34335,4,103.2,0,0
Africa/Dar_es_Salaam,Same,TZ,34322,12,350.5,0,0
Africa/Dar_es_Salaam,Biharamulo,TZ,34038,40,997.5,0,0
Africa/Dar_es_Salaam,Lushoto,TZ,34000,8,251.7,0,0
Africa/Dar_es_Salaam,Somanda,TZ,33932,28,703.4,0,0
Africa/Dar_es_Salaam,Kirando,TZ,33111,36,958.8,0,0
Africa/Dar_es_Salaam,Tumbi,TZ,32900,30,748.8,0,0
Africa/Dar_es_Salaam,Bugarama,TZ,32494,43,1063.4,0,0
Africa/Dar_es_Salaam,Ngudu,TZ,32446,31,785.0,0,0
Africa/Dar_es_Salaam,Urambo,TZ,31752,32,822.0,0,0
Africa/Dar_es_Salaam,Mvomero,TZ,31324,4,92.2,0,0
Africa/Dar_es_Salaam,Chanika,TZ,30905,8,208.9,0,0
Africa/Dar_es_Salaam,Nungwi,TZ,30762,3,122.0,0,0
Africa/Dar_es_Salaam,Mambali,TZ,30398,31,771.3,0,0
Africa/Dar_es_Salaam,Kibiti,TZ,30163,3,106.4,0,0
Africa/Dar_es_Salaam,Mpwapwa,TZ,30000,12,312.2,0,0
Africa/Dar_es_Salaam,Kisesa,TZ,30000,33,838.6,0,0
Africa/Dar_es_Salaam,Chato,TZ,30000,38,952.7,0,0
Africa/Dar_es_Salaam,Kisesa,TZ,29804,28,703.2,0,0
Africa/Dar_es_Salaam,Lukuledi,TZ,29699,9,419.4,0,0
Africa/Dar_es_Salaam,Mlandizi,TZ,29394,3,60.8,0,0
Africa/Dar_es_Salaam,Ilula,TZ,29193,15,369.0,0,0
Africa/Dar_es_Salaam,Mugumu,TZ,29000,28,749.9,0,0
Africa/Dar_es_Salaam,Kibondo,TZ,28666,41,1012.7,0,0
Africa/Dar_es_Salaam,Mkuranga,TZ,28037,1,33.4,0,0
Africa/Dar_es_Salaam,Shanwa,TZ,28000,29,732.7,0,0
Africa/Dar_es_Salaam,Bungu,TZ,27873,3,93.1,0,0
Africa/Dar_es_Salaam,Kasamwa,TZ,27681,35,876.8,0,0
Africa/Dar_es_Salaam,Sikonge,TZ,27113,29,730.9,0,0
Africa/Dar_es_Salaam,Malinyi,TZ,27041,17,417.6,0,0
Africa/Dar_es_Salaam,Mtinko,TZ,26725,22,550.5,0,0
Africa/Dar_es_Salaam,Mutukula,TZ,26532,43,1085.2,0,0
Africa/Dar_es_Salaam,Maramba,TZ,26531,6,210.0,0,0
Africa/Dar_es_Salaam,Kakunyu,TZ,26379,45,1127.5,0,0
Africa/Dar_es_Salaam,Magugu,TZ,26131,20,497.7,0,0
Africa/Dar_es_Salaam,Matundasi,TZ,26073,27,684.0,0,0
Africa/Dar_es_Salaam,Sokoni,TZ,25821,2,53.3,0,0
Africa/Dar_es_Salaam,Sepuka,TZ,25657,23,572.4,0,0
Africa/Dar_es_Salaam,Luchingu,TZ,25145,9,453.3,0,0
Africa/Dar_es_Salaam,Sirari,TZ,25000,30,816.1,0,0
Africa/Dar_es_Salaam,Manyoni,TZ,25000,20,504.6,0,0
Africa/Dar_es_Salaam,Liwale,TZ,25000,11,358.8,0,0
Africa/Dar_es_Salaam,Igurusi,TZ,25000,26,638.1,0,0
Africa/Dar_es_Salaam,Mhalamba,TZ,25000,37,932.4,0,0
Africa/Dar_es_Salaam,Shelui,TZ,24817,25,624.0,0,0
Africa/Dar_es_Salaam,Chimala,TZ,24817,25,620.4,0,0
Africa/Dar_es_Salaam,Kakonko,TZ,24688,40,1000.5,0,0
Africa/Dar_es_Salaam,Uvinza,TZ,24650,39,1000.3,0,0
Africa/Dar_es_Salaam,Nyalikungu,TZ,24648,29,730.1,0,0
Africa/Dar_es_Salaam,Matai,TZ,24070,34,870.2,0,0
Africa/Dar_es_Salaam,Itigi,TZ,24000,22,543.6,0,0
Africa/Dar_es_Salaam,Ruaha,TZ,24000,11,268.7,0,0
Africa/Dar_es_Salaam,Makongolosi,TZ,23787,28,696.8,0,0
Africa/Dar_es_Salaam,Old Shinyanga,TZ,23747,30,744.9,0,0
Africa/Dar_es_Salaam,Mkoani,TZ,23719,5,167.4,0,0
Africa/Dar_es_Salaam,Mgandu,TZ,23718,22,575.8,0,0
Africa/Dar_es_Salaam,Songwa,TZ,23618,30,735.5,0,0
Africa/Dar_es_Salaam,Kiomboi,TZ,23519,25,612.5,0,0
Africa/Dar_es_Salaam,Kilindoni,TZ,23426,4,128.8,0,0
Africa/Dar_es_Salaam,Mwadui,TZ,23296,29,725.6,0,0
Africa/Dar_es_Salaam,Nangomba,TZ,23028,11,461.1,0,0
Africa/Dar_es_Salaam,Urunda,TZ,23000,23,584.0,0,0
Africa/Dar_es_Salaam,Kingori,TZ,22839,16,468.0,0,0
Africa/Dar_es_Salaam,Igugunu,TZ,22810,23,571.0,0,0
Africa/Dar_es_Salaam,Chala,TZ,22624,34,886.9,0,0
Africa/Dar_es_Salaam,Lalago,TZ,22551,28,698.3,0,0
Africa/Dar_es_Salaam,Kigonsera,TZ,22155,25,640.6,0,0
Africa/Dar_es_Salaam,Tinde,TZ,22082,30,747.2,0,0
Africa/Dar_es_Salaam,Rulenge,TZ,22069,43,1060.2,0,0
Africa/Dar_es_Salaam,Maswa,TZ,22025,29,744.9,0,0
Africa/Dar_es_Salaam,Mwanhuzi,TZ,21664,26,659.8,0,0
Africa/Dar_es_Salaam,Mhango,TZ,21553,33,812.6,0,0
Africa/Dar_es_Salaam,Kilwa Masoko,TZ,21519,6,235.2,0,0
Africa/Dar_es_Salaam,Katesh,TZ,21462,20,500.1,0,0
Africa/Dar_es_Salaam,Kiwira,TZ,21342,27,682.6,0,0
Africa/Dar_es_Salaam,Isaka,TZ,21094,31,773.1,0,0
Africa/Dar_es_Salaam,Usangi,TZ,21000,13,390.0,0,0
Africa/Dar_es_Salaam,Usa River,TZ,21000,17,468.5,0,0
Africa/Dar_es_Salaam,Hedaru,TZ,21000,10,299.5,0,0
Africa/Dar_es_Salaam,Nachingwea,TZ,21000,9,398.5,0,0
Africa/Dar_es_Salaam,Basotu,TZ,20937,22,537.8,0,0
Africa/Dar_es_Salaam,Mazinde,TZ,20534,8,253.4,0,0
Africa/Dar_es_Salaam,Muriti,TZ,20254,35,886.2,0,0
Africa/Dar_es_Salaam,Matui,TZ,20241,8,251.7,0,0
Africa/Dar_es_Salaam,Nsunga,TZ,20049,43,1077.6,0,0
Africa/Dar_es_Salaam,Muheza,TZ,20000,5,191.9,0,0
Africa/Dar_es_Salaam,Mikumi,TZ,20000,10,260.4,0,0
Africa/Dar_es_Salaam,Makuyuni,TZ,20000,19,505.6,0,0
Africa/Dar_es_Salaam,Kiratu,TZ,20000,21,556.6,0,0
Africa/Dar_es_Salaam,Tandahimba,TZ,20000,10,438.4,0,0
Africa/Dar_es_Salaam,Ruangwa,TZ,20000,8,362.5,0,0
Africa/Dar_es_Salaam,Matongo,TZ,20000,30,794.7,0,0
Africa/Dar_es_Salaam,Dareda,TZ,19876,20,503.5,0,0
Africa/Dar_es_Salaam,Nshamba,TZ,19815,41,1021.8,0,0
Africa/Dar_es_Salaam,Ikungi,TZ,19692,21,532.2,0,0
Africa/Dar_es_Salaam,Nanyamba,TZ,19555,11,433.6,0,0
Africa/Dar_es_Salaam,Kibakwe,TZ,19526,12,320.8,0,0
Africa/Dar_es_Salaam,Maposeni,TZ,19472,23,596.3,0,0
Africa/Dar_es_Salaam,Kabanga,TZ,19421,44,1080.5,0,0
Africa/Dar_es_Salaam,Laela,TZ,19185,32,818.8,0,0
Africa/Dar_es_Salaam,Bashanet,TZ,19087,21,514.5,0,0
Africa/Dar_es_Salaam,Magomeni,TZ,19086,1,3.4,0,0
Africa/Dar_es_Salaam,Kihangara,TZ,19082,32,807.7,0,0
Africa/Dar_es_Salaam,Mtwango,TZ,19040,22,549.3,0,0
Africa/Dar_es_Salaam,Shirati,TZ,18904,32,862.5,0,0
Africa/Dar_es_Salaam,Ilembula,TZ,18870,23,565.4,0,0
Africa/Dar_es_Salaam,Dongobesh,TZ,18864,21,528.2,0,0
Africa/Dar_es_Salaam,Matiri,TZ,18830,25,648.9,0,0
Africa/Dar_es_Salaam,Magole,TZ,18753,9,215.2,0,0
Africa/Dar_es_Salaam,Nangwa,TZ,18595,20,497.3,0,0
Africa/Dar_es_Salaam,Galappo,TZ,18528,19,473.3,0,0
Africa/Dar_es_Salaam,Katerero,TZ,18430,41,1030.4,0,0
Africa/Dar_es_Salaam,Nyakabindi,TZ,18428,29,748.4,0,0
Africa/Dar_es_Salaam,Izazi,TZ,18010,15,392.5,0,0
Africa/Dar_es_Salaam,Lubata,TZ,18000,9,216.5,0,0
Africa/Dar_es_Salaam,Tarakea,TZ,18000,14,465.1,0,0
Africa/Dar_es_Salaam,Madizini,TZ,18000,8,195.8,0,0
Africa/Dar_es_Salaam,Msowero,TZ,17861,9,230.8,0,0
Africa/Dar_es_Salaam,Ipinda,TZ,17775,27,660.8,0,0
Africa/Dar_es_Salaam,Mto wa Mbu,TZ,17754,21,540.9,0,0
Africa/Dar_es_Salaam,Usevia,TZ,17742,33,887.5,0,0
Africa/Dar_es_Salaam,Nanganga,TZ,17468,8,396.1,0,0
Africa/Dar_es_Salaam,Ilongero,TZ,17342,22,542.9,0,0
Africa/Dar_es_Salaam,Kibara,TZ,17211,33,828.2,0,0
Africa/Dar_es_Salaam,Ngerengere,TZ,17181,5,127.6,0,0
Africa/Dar_es_Salaam,Puma,TZ,17092,22,541.1,0,0
Africa/Dar_es_Salaam,Malampaka,TZ,16916,30,756.3,0,0
Africa/Dar_es_Salaam,Lugoba,TZ,16902,5,111.4,0,0
Africa/Dar_es_Salaam,Ngara,TZ,16890,43,1068.0,0,0
Africa/Dar_es_Salaam,Mwandiga,TZ,16822,42,1086.0,0,0
Africa/Dar_es_Salaam,Mungaa,TZ,16715,21,527.2,0,0
Africa/Dar_es_Salaam,Nyamuswa,TZ,16507,31,799.2,0,0
Africa/Dar_es_Salaam,Butiama,TZ,16376,31,813.4,0,0
Africa/Dar_es_Salaam,Kishapu,TZ,16371,28,696.4,0,0
Africa/Dar_es_Salaam,Nyangao,TZ,16343,8,390.3,0,0
Africa/Dar_es_Salaam,Tingi,TZ,16315,26,681.2,0,0
Africa/Dar_es_Salaam,Kitama,TZ,16232,10,435.9,0,0
Africa/Dar_es_Salaam,Lembeni,TZ,16008,13,384.4,0,0
Africa/Dar_es_Salaam,Kamachumu,TZ,15701,41,1026.7,0,0
Africa/Dar_es_Salaam,Mlalo,TZ,15576,5,213.4,0,0
Africa/Dar_es_Salaam,Makuyuni,TZ,15516,9,266.0,0,0
Africa/Dar_es_Salaam,Usagara,TZ,15514,33,833.3,0,0
Africa/Dar_es_Salaam,Mabama,TZ,15320,30,768.3,0,0
Africa/Dar_es_Salaam,Mlangali,TZ,15168,25,617.8,0,0
Africa/Dar_es_Salaam,Mahanje,TZ,15009,22,554.1,0,0
Asia/Aden,Sanaa,YE,1937451,0,0.0,0,0
Asia/Aden,Aden,YE,1079670,9,300.1,0,0
Asia/Aden,Taiz,YE,940600,5,198.4,0,0
Asia/Aden,Ibb,YE,771514,4,154.3,0,0
Asia/Aden,Al Ḩudaydah,YE,734699,7,148.0,0,0
Asia/Aden,Mukalla,YE,594951,22,536.0,0,0
Asia/Aden,Dhamār,YE,160114,3,92.8,0,0
Asia/Aden,‘Amrān,YE,90792,2,44.1,0,0
Asia/Aden,Sayyān,YE,69404,1,23.9,0,0
Asia/Aden,Zabīd,YE,52590,7,160.6,0,0
Asia/Aden,Sa'dah,YE,51870,6,182.5,0,0
Asia/Aden,Bājil,YE,48218,5,104.0,0,0
Asia/Aden,Ḩajjah,YE,43549,4,74.6,0,0
Asia/Aden,Dhī as Sufāl,YE,37997,4,169.3,0,0
Asia/Aden,Al Bayda,YE,37821,9,211.6,0,0
Asia/Aden,Ataq,YE,37315,12,296.3,0,0
Asia/Aden,Bayt al Faqīh,YE,34204,6,132.9,0,0
Asia/Aden,Yarīm,YE,33050,3,118.9,0,0
Asia/Aden,Saḩar,YE,31859,1,11.8,0,0
Asia/Aden,Laḩij,YE,23375,8,265.7,0,0
Asia/Aden,Ghayl Bā Wazīr,YE,21259,22,557.7,0,0
Asia/Aden,Zinjibār,YE,19879,10,278.0,0,0
Asia/Aden,Al Ḩazm,YE,18241,4,108.8,0,0
Asia/Aden,Ma'rib,YE,16794,5,120.6,0,0
Asia/Aden,Mocha,YE,16794,9,248.8,0,0
